ISO-10303-21;
HEADER;
FILE_DESCRIPTION (( 'STEP AP203' ),
    '1' );
FILE_NAME ('95.01.0652-OE-QD-08-ZA0537-A2旋转轴块（30.2中心距）.STEP',
    '2026-06-24T11:42:33',
    ( '' ),
    ( '' ),
    'SwSTEP 2.0',
    'SolidWorks 2020',
    '' );
FILE_SCHEMA (( 'CONFIG_CONTROL_DESIGN' ));
ENDSEC;

DATA;
#1 = CARTESIAN_POINT ( 'NONE',  ( -5.250000000000000000, 7.500000000000000000, 6.000000000000000000 ) ) ;
#2 = VECTOR ( 'NONE', #1718, 1000.000000000000000 ) ;
#3 = ORIENTED_EDGE ( 'NONE', *, *, #981, .T. ) ;
#4 = DIRECTION ( 'NONE',  ( 0.000000000000000000, 0.000000000000000000, -1.000000000000000000 ) ) ;
#5 = VECTOR ( 'NONE', #352, 1000.000000000000000 ) ;
#6 = ORIENTED_EDGE ( 'NONE', *, *, #1742, .F. ) ;
#7 = CARTESIAN_POINT ( 'NONE',  ( -2.000000000000000000, 9.000000000000000000, 6.000000000000000000 ) ) ;
#8 = EDGE_CURVE ( 'NONE', #1211, #794, #90, .T. ) ;
#9 = ORIENTED_EDGE ( 'NONE', *, *, #275, .T. ) ;
#10 = LINE ( 'NONE', #1302, #1409 ) ;
#11 = LINE ( 'NONE', #466, #457 ) ;
#12 = CIRCLE ( 'NONE', #1156, 0.8999999999999984679 ) ;
#13 = AXIS2_PLACEMENT_3D ( 'NONE', #86, #351, #78 ) ;
#14 = CC_DESIGN_APPROVAL ( #571, ( #692 ) ) ;
#15 = ORIENTED_EDGE ( 'NONE', *, *, #817, .F. ) ;
#16 = CARTESIAN_POINT ( 'NONE',  ( -0.5000000000000000000, 31.20000000000000284, 0.5000000000000004441 ) ) ;
#17 = VECTOR ( 'NONE', #20, 1000.000000000000000 ) ;
#18 = AXIS2_PLACEMENT_3D ( 'NONE', #247, #1247, #384 ) ;
#19 = ORIENTED_EDGE ( 'NONE', *, *, #293, .F. ) ;
#20 = DIRECTION ( 'NONE',  ( -0.7071067811865536790, -0.7071067811865414665, -0.000000000000000000 ) ) ;
#21 = ORIENTED_EDGE ( 'NONE', *, *, #742, .F. ) ;
#22 = LINE ( 'NONE', #184, #1235 ) ;
#23 = DIRECTION ( 'NONE',  ( 0.000000000000000000, 0.000000000000000000, 1.000000000000000000 ) ) ;
#24 = EDGE_CURVE ( 'NONE', #1128, #63, #205, .T. ) ;
#25 = VERTEX_POINT ( 'NONE', #1624 ) ;
#26 = CARTESIAN_POINT ( 'NONE',  ( 5.250000000000000000, 0.5000000000000004441, 0.000000000000000000 ) ) ;
#27 = ORIENTED_EDGE ( 'NONE', *, *, #956, .F. ) ;
#28 = CARTESIAN_POINT ( 'NONE',  ( 6.274999999999953282, -6.275000000000062528, -0.000000000000000000 ) ) ;
#29 = VERTEX_POINT ( 'NONE', #378 ) ;
#30 = LINE ( 'NONE', #879, #949 ) ;
#31 = CARTESIAN_POINT ( 'NONE',  ( -0.5000000000000000000, 31.20000000000000284, 6.000000000000000000 ) ) ;
#32 = ORIENTED_EDGE ( 'NONE', *, *, #1089, .F. ) ;
#33 = CARTESIAN_POINT ( 'NONE',  ( -5.250000000000000000, 7.299999999999997158, 6.000000000000000000 ) ) ;
#34 = ADVANCED_FACE ( 'NONE', ( #1603 ), #1748, .F. ) ;
#35 = ORIENTED_EDGE ( 'NONE', *, *, #699, .F. ) ;
#36 = AXIS2_PLACEMENT_3D ( 'NONE', #334, #905, #1038 ) ;
#37 = CALENDAR_DATE ( 2026, 24, 6 ) ;
#38 = CARTESIAN_POINT ( 'NONE',  ( 5.250000000000000000, -7.500000000000000000, 6.000000000000000000 ) ) ;
#39 = LINE ( 'NONE', #872, #1064 ) ;
#40 = CARTESIAN_POINT ( 'NONE',  ( -5.250000000000000000, 7.299999999999997158, 6.000000000000000000 ) ) ;
#41 = CIRCLE ( 'NONE', #978, 0.7999999999999987121 ) ;
#42 = EDGE_CURVE ( 'NONE', #803, #747, #1595, .T. ) ;
#43 = VERTEX_POINT ( 'NONE', #1315 ) ;
#44 = FACE_OUTER_BOUND ( 'NONE', #945, .T. ) ;
#45 = AXIS2_PLACEMENT_3D ( 'NONE', #1476, #913, #1600 ) ;
#46 = VERTEX_POINT ( 'NONE', #658 ) ;
#47 = VECTOR ( 'NONE', #975, 1000.000000000000000 ) ;
#48 = EDGE_CURVE ( 'NONE', #1203, #1607, #217, .T. ) ;
#49 = DATE_TIME_ROLE ( 'creation_date' ) ;
#50 = LINE ( 'NONE', #66, #2 ) ;
#51 = AXIS2_PLACEMENT_3D ( 'NONE', #1200, #101, #908 ) ;
#52 = DIRECTION ( 'NONE',  ( 0.000000000000000000, 0.000000000000000000, 1.000000000000000000 ) ) ;
#53 = DIRECTION ( 'NONE',  ( -1.000000000000000000, -1.172002704878329515E-16, -0.000000000000000000 ) ) ;
#54 = ORIENTED_EDGE ( 'NONE', *, *, #1742, .T. ) ;
#55 = CARTESIAN_POINT ( 'NONE',  ( 0.5000000000000012212, 9.766689207319434195E-18, 6.000000000000000000 ) ) ;
#56 = ORIENTED_EDGE ( 'NONE', *, *, #1598, .T. ) ;
#57 = CALENDAR_DATE ( 2026, 24, 6 ) ;
#58 = LINE ( 'NONE', #655, #1734 ) ;
#59 = CARTESIAN_POINT ( 'NONE',  ( -5.250000000000000000, -4.500000000000000000, 4.249999999999997335 ) ) ;
#60 = DIRECTION ( 'NONE',  ( 0.000000000000000000, -0.000000000000000000, 1.000000000000000000 ) ) ;
#61 = DIRECTION ( 'NONE',  ( -1.000000000000000000, 0.000000000000000000, 0.000000000000000000 ) ) ;
#62 = LINE ( 'NONE', #171, #617 ) ;
#63 = VERTEX_POINT ( 'NONE', #1324 ) ;
#64 = APPROVAL_ROLE ( '' ) ;
#65 = EDGE_LOOP ( 'NONE', ( #489, #736, #568, #1651 ) ) ;
#66 = CARTESIAN_POINT ( 'NONE',  ( 1.999999999999998668, 7.500000000000000000, 1.500000000000000444 ) ) ;
#67 = EDGE_CURVE ( 'NONE', #993, #1724, #72, .T. ) ;
#68 = CIRCLE ( 'NONE', #1384, 1.500000000000000000 ) ;
#69 = DIRECTION ( 'NONE',  ( 1.000000000000000000, -0.000000000000000000, -0.000000000000000000 ) ) ;
#70 = CARTESIAN_POINT ( 'NONE',  ( -3.500000000000000444, 7.500000000000000000, 6.000000000000000000 ) ) ;
#71 = EDGE_CURVE ( 'NONE', #43, #166, #781, .T. ) ;
#72 = LINE ( 'NONE', #638, #868 ) ;
#73 = CARTESIAN_POINT ( 'NONE',  ( 2.000000000000000000, 28.10000000000000853, 1.500000000000000444 ) ) ;
#74 = ORIENTED_EDGE ( 'NONE', *, *, #316, .F. ) ;
#75 = SECURITY_CLASSIFICATION_LEVEL ( 'unclassified' ) ;
#76 = VECTOR ( 'NONE', #1030, 1000.000000000000000 ) ;
#77 = VERTEX_POINT ( 'NONE', #665 ) ;
#78 = DIRECTION ( 'NONE',  ( 1.000000000000000000, 0.000000000000000000, 0.000000000000000000 ) ) ;
#79 = AXIS2_PLACEMENT_3D ( 'NONE', #819, #519, #1798 ) ;
#80 = CARTESIAN_POINT ( 'NONE',  ( -5.250000000000000000, -4.500000000000000000, 1.750000000000002442 ) ) ;
#81 = CARTESIAN_POINT ( 'NONE',  ( 5.250000000000000000, -1.699999999999999289, 0.000000000000000000 ) ) ;
#82 = ORIENTED_EDGE ( 'NONE', *, *, #1127, .F. ) ;
#83 = CARTESIAN_POINT ( 'NONE',  ( 0.7999999999999987121, 25.20000000000000639, 1.500000000000000444 ) ) ;
#84 = ORIENTED_EDGE ( 'NONE', *, *, #615, .T. ) ;
#85 = ORIENTED_EDGE ( 'NONE', *, *, #277, .F. ) ;
#86 = CARTESIAN_POINT ( 'NONE',  ( 0.5000000000000000000, 31.19999999999999929, 0.5000000000000004441 ) ) ;
#87 = LINE ( 'NONE', #215, #632 ) ;
#88 = CARTESIAN_POINT ( 'NONE',  ( 2.000000000000000000, 28.10000000000000853, 1.500000000000000444 ) ) ;
#89 = EDGE_CURVE ( 'NONE', #77, #1722, #1357, .T. ) ;
#90 = LINE ( 'NONE', #1484, #1479 ) ;
#91 = CARTESIAN_POINT ( 'NONE',  ( 0.7999999999999987121, 25.20000000000000639, 6.000000000000000000 ) ) ;
#92 = EDGE_LOOP ( 'NONE', ( #991, #1802, #583, #723 ) ) ;
#93 = EDGE_CURVE ( 'NONE', #1495, #784, #1059, .T. ) ;
#94 = VECTOR ( 'NONE', #801, 1000.000000000000000 ) ;
#95 = PERSON_AND_ORGANIZATION ( #1014, #1154 ) ;
#96 = ORIENTED_EDGE ( 'NONE', *, *, #169, .T. ) ;
#97 = CARTESIAN_POINT ( 'NONE',  ( 5.250000000000000000, -4.500000000000000000, 1.750000000000007550 ) ) ;
#98 = CYLINDRICAL_SURFACE ( 'NONE', #226, 0.8999999999999984679 ) ;
#99 = CARTESIAN_POINT ( 'NONE',  ( -5.250000000000000000, 7.500000000000000000, 0.000000000000000000 ) ) ;
#100 = ORIENTED_EDGE ( 'NONE', *, *, #1339, .T. ) ;
#101 = DIRECTION ( 'NONE',  ( 1.000000000000000000, -0.000000000000000000, -0.000000000000000000 ) ) ;
#102 = VERTEX_POINT ( 'NONE', #1215 ) ;
#103 = APPROVAL_ROLE ( '' ) ;
#104 = ORIENTED_EDGE ( 'NONE', *, *, #1378, .T. ) ;
#105 = ADVANCED_FACE ( 'NONE', ( #1769, #1199 ), #520, .F. ) ;
#106 = CARTESIAN_POINT ( 'NONE',  ( -0.1499999999999916400, -4.019757386129789325E-17, 0.5000000000000004441 ) ) ;
#107 = CIRCLE ( 'NONE', #606, 2.000000000000000000 ) ;
#108 = LINE ( 'NONE', #527, #425 ) ;
#109 = AXIS2_PLACEMENT_3D ( 'NONE', #711, #569, #1263 ) ;
#110 = CARTESIAN_POINT ( 'NONE',  ( -5.250000000000000000, -7.500000000000000000, 6.000000000000000000 ) ) ;
#111 = PLANE ( 'NONE',  #1711 ) ;
#112 = ORIENTED_EDGE ( 'NONE', *, *, #670, .T. ) ;
#113 = VECTOR ( 'NONE', #863, 1000.000000000000114 ) ;
#114 = ORIENTED_EDGE ( 'NONE', *, *, #123, .T. ) ;
#115 = DIRECTION ( 'NONE',  ( 0.7071067811865536790, 0.7071067811865414665, -0.000000000000000000 ) ) ;
#116 = CC_DESIGN_PERSON_AND_ORGANIZATION_ASSIGNMENT ( #1210, #1328, ( #255 ) ) ;
#117 = DIRECTION ( 'NONE',  ( 1.000000000000000000, 0.000000000000000000, 0.000000000000000000 ) ) ;
#118 = EDGE_CURVE ( 'NONE', #919, #1546, #570, .T. ) ;
#119 = CARTESIAN_POINT ( 'NONE',  ( 0.000000000000000000, 0.5000000000000004441, 0.000000000000000000 ) ) ;
#120 = CARTESIAN_POINT ( 'NONE',  ( 0.1500000000000003275, 26.70000000000000995, 1.500000000000000444 ) ) ;
#121 = EDGE_LOOP ( 'NONE', ( #806, #84, #1650, #1435 ) ) ;
#122 = VERTEX_POINT ( 'NONE', #1347 ) ;
#123 = EDGE_CURVE ( 'NONE', #1403, #1415, #629, .T. ) ;
#124 = FACE_OUTER_BOUND ( 'NONE', #156, .T. ) ;
#125 = AXIS2_PLACEMENT_3D ( 'NONE', #1343, #1609, #1726 ) ;
#126 = CARTESIAN_POINT ( 'NONE',  ( -3.500000000000000000, 9.000000000000000000, 1.500000000000000444 ) ) ;
#127 = DIRECTION ( 'NONE',  ( 0.000000000000000000, 0.000000000000000000, -1.000000000000000000 ) ) ;
#128 = EDGE_CURVE ( 'NONE', #1787, #1259, #1418, .T. ) ;
#129 = VECTOR ( 'NONE', #175, 1000.000000000000000 ) ;
#130 = VERTEX_POINT ( 'NONE', #1111 ) ;
#131 = ORIENTED_EDGE ( 'NONE', *, *, #1400, .F. ) ;
#132 = DIRECTION ( 'NONE',  ( -0.000000000000000000, 0.000000000000000000, 1.000000000000000000 ) ) ;
#133 = AXIS2_PLACEMENT_3D ( 'NONE', #935, #1730, #916 ) ;
#134 = FACE_OUTER_BOUND ( 'NONE', #1641, .T. ) ;
#135 = DIRECTION ( 'NONE',  ( 0.000000000000000000, -0.000000000000000000, -1.000000000000000000 ) ) ;
#136 = VERTEX_POINT ( 'NONE', #537 ) ;
#137 = ORIENTED_EDGE ( 'NONE', *, *, #1517, .F. ) ;
#138 = CARTESIAN_POINT ( 'NONE',  ( -0.1500000000000003830, 32.70000000000000995, 0.5000000000000004441 ) ) ;
#139 = ORIENTED_EDGE ( 'NONE', *, *, #832, .T. ) ;
#140 = CARTESIAN_POINT ( 'NONE',  ( -5.250000000000000000, 0.5000000000000004441, 0.000000000000000000 ) ) ;
#141 = CARTESIAN_POINT ( 'NONE',  ( 0.1499999999999995781, 32.70000000000000995, 0.5000000000000004441 ) ) ;
#142 = EDGE_CURVE ( 'NONE', #1201, #1282, #486, .T. ) ;
#143 = ORIENTED_EDGE ( 'NONE', *, *, #932, .F. ) ;
#144 = LINE ( 'NONE', #1213, #690 ) ;
#145 = ORIENTED_EDGE ( 'NONE', *, *, #1659, .F. ) ;
#146 = EDGE_CURVE ( 'NONE', #25, #1259, #842, .T. ) ;
#147 = CARTESIAN_POINT ( 'NONE',  ( 0.4999999999999973910, 32.70000000000000995, 6.000000000000000000 ) ) ;
#148 = VERTEX_POINT ( 'NONE', #1514 ) ;
#149 = CARTESIAN_POINT ( 'NONE',  ( 3.500000000000000444, 9.000000000000000000, 6.000000000000000000 ) ) ;
#150 = CARTESIAN_POINT ( 'NONE',  ( -0.000000000000000000, 26.70000000000000995, 6.000000000000000000 ) ) ;
#151 = ORIENTED_EDGE ( 'NONE', *, *, #93, .F. ) ;
#152 = CARTESIAN_POINT ( 'NONE',  ( -5.250000000000000000, -7.500000000000000000, 6.000000000000000000 ) ) ;
#153 = ORIENTED_EDGE ( 'NONE', *, *, #912, .T. ) ;
#154 = EDGE_CURVE ( 'NONE', #612, #1607, #12, .T. ) ;
#155 = CARTESIAN_POINT ( 'NONE',  ( -0.4999999999999987232, -4.500000000000000000, 4.249999999999992895 ) ) ;
#156 = EDGE_LOOP ( 'NONE', ( #186, #1544, #1472, #1120, #876, #689, #143 ) ) ;
#157 = CARTESIAN_POINT ( 'NONE',  ( -5.250000000000000000, 7.299999999999997158, 6.000000000000000000 ) ) ;
#158 = DIRECTION ( 'NONE',  ( -1.000000000000000000, 0.000000000000000000, 0.000000000000000000 ) ) ;
#159 = VECTOR ( 'NONE', #195, 1000.000000000000000 ) ;
#160 = VERTEX_POINT ( 'NONE', #1654 ) ;
#161 = DIRECTION ( 'NONE',  ( 0.7071067811865504593, 0.7071067811865445751, -0.000000000000000000 ) ) ;
#162 = ORIENTED_EDGE ( 'NONE', *, *, #1386, .T. ) ;
#163 = ADVANCED_FACE ( 'NONE', ( #827 ), #951, .F. ) ;
#164 = APPROVAL_STATUS ( 'not_yet_approved' ) ;
#165 = DIRECTION ( 'NONE',  ( 1.000000000000000000, 0.000000000000000000, 0.000000000000000000 ) ) ;
#166 = VERTEX_POINT ( 'NONE', #562 ) ;
#167 = PLANE ( 'NONE',  #633 ) ;
#168 = CARTESIAN_POINT ( 'NONE',  ( 5.050000000000001599, 7.500000000000000000, 6.000000000000000000 ) ) ;
#169 = EDGE_CURVE ( 'NONE', #1617, #976, #1373, .T. ) ;
#170 = VERTEX_POINT ( 'NONE', #1396 ) ;
#171 = CARTESIAN_POINT ( 'NONE',  ( -6.275000000000001243, -6.275000000000001243, -0.000000000000000000 ) ) ;
#172 = EDGE_LOOP ( 'NONE', ( #1024, #573, #431, #1486 ) ) ;
#173 = LINE ( 'NONE', #1034, #1072 ) ;
#174 = EDGE_CURVE ( 'NONE', #1554, #757, #107, .T. ) ;
#175 = DIRECTION ( 'NONE',  ( 0.000000000000000000, 0.000000000000000000, 1.000000000000000000 ) ) ;
#176 = LINE ( 'NONE', #594, #223 ) ;
#177 = ADVANCED_FACE ( 'NONE', ( #248 ), #1507, .F. ) ;
#178 = ORIENTED_EDGE ( 'NONE', *, *, #1018, .T. ) ;
#179 = CYLINDRICAL_SURFACE ( 'NONE', #1306, 2.000000000000000000 ) ;
#180 = ORIENTED_EDGE ( 'NONE', *, *, #1281, .F. ) ;
#181 = VECTOR ( 'NONE', #1125, 1000.000000000000000 ) ;
#182 = AXIS2_PLACEMENT_3D ( 'NONE', #680, #1374, #281 ) ;
#183 = PLANE ( 'NONE',  #572 ) ;
#184 = CARTESIAN_POINT ( 'NONE',  ( 5.050000000000001599, 7.500000000000000000, 6.000000000000000000 ) ) ;
#185 = LINE ( 'NONE', #1550, #76 ) ;
#186 = ORIENTED_EDGE ( 'NONE', *, *, #984, .F. ) ;
#187 = FACE_OUTER_BOUND ( 'NONE', #1419, .T. ) ;
#188 = VECTOR ( 'NONE', #279, 1000.000000000000000 ) ;
#189 = ORIENTED_EDGE ( 'NONE', *, *, #984, .T. ) ;
#190 = VECTOR ( 'NONE', #696, 1000.000000000000000 ) ;
#191 = CARTESIAN_POINT ( 'NONE',  ( -2.000000000000000000, 32.70000000000000284, 0.5000000000000004441 ) ) ;
#192 = DIRECTION ( 'NONE',  ( -1.000000000000000000, 0.000000000000000000, 0.000000000000000000 ) ) ;
#193 = CARTESIAN_POINT ( 'NONE',  ( 0.000000000000000000, 30.69999999999999929, 0.000000000000000000 ) ) ;
#194 = VECTOR ( 'NONE', #1715, 1000.000000000000000 ) ;
#195 = DIRECTION ( 'NONE',  ( -1.000000000000000000, -1.734723475976807094E-15, -0.000000000000000000 ) ) ;
#196 = CYLINDRICAL_SURFACE ( 'NONE', #522, 1.249999999999992450 ) ;
#197 = ADVANCED_FACE ( 'NONE', ( #134 ), #1248, .T. ) ;
#198 = ORIENTED_EDGE ( 'NONE', *, *, #1202, .T. ) ;
#199 =( LENGTH_UNIT ( ) NAMED_UNIT ( * ) SI_UNIT ( .MILLI., .METRE. ) );
#200 = ORIENTED_EDGE ( 'NONE', *, *, #678, .F. ) ;
#201 = EDGE_CURVE ( 'NONE', #1587, #803, #1037, .T. ) ;
#202 = CARTESIAN_POINT ( 'NONE',  ( -2.499999999999999556, 0.5000000000000007772, 0.000000000000000000 ) ) ;
#203 = DIRECTION ( 'NONE',  ( -0.000000000000000000, -0.000000000000000000, 1.000000000000000000 ) ) ;
#204 = DIRECTION ( 'NONE',  ( 1.953337841463882217E-17, -1.000000000000000000, 0.000000000000000000 ) ) ;
#205 = LINE ( 'NONE', #1190, #813 ) ;
#206 = DIRECTION ( 'NONE',  ( 1.000000000000000000, -0.000000000000000000, -0.000000000000000000 ) ) ;
#207 = CIRCLE ( 'NONE', #1395, 0.8999999999999984679 ) ;
#208 = EDGE_LOOP ( 'NONE', ( #1797, #1616, #35, #1716 ) ) ;
#209 = AXIS2_PLACEMENT_3D ( 'NONE', #1066, #749, #646 ) ;
#210 = DATE_AND_TIME ( #1341, #514 ) ;
#211 = EDGE_LOOP ( 'NONE', ( #1065, #153, #1635, #1309 ) ) ;
#212 = DIRECTION ( 'NONE',  ( 2.679838257420009105E-16, -1.000000000000000000, 0.000000000000000000 ) ) ;
#213 = ADVANCED_FACE ( 'NONE', ( #1666 ), #422, .F. ) ;
#214 = VECTOR ( 'NONE', #1012, 1000.000000000000000 ) ;
#215 = CARTESIAN_POINT ( 'NONE',  ( 5.250000000000000000, -4.500000000000000000, 4.249999999999992895 ) ) ;
#216 = PLANE ( 'NONE',  #1623 ) ;
#217 = LINE ( 'NONE', #1207, #693 ) ;
#218 = CARTESIAN_POINT ( 'NONE',  ( 2.000000000000000000, 7.499999999999998224, 0.5000000000000004441 ) ) ;
#219 = ORIENTED_EDGE ( 'NONE', *, *, #851, .T. ) ;
#220 = CIRCLE ( 'NONE', #1299, 1.249999999999987121 ) ;
#221 = AXIS2_PLACEMENT_3D ( 'NONE', #590, #1432, #1289 ) ;
#222 = PERSON_AND_ORGANIZATION_ROLE ( 'design_supplier' ) ;
#223 = VECTOR ( 'NONE', #1434, 1000.000000000000114 ) ;
#224 = ORIENTED_EDGE ( 'NONE', *, *, #377, .F. ) ;
#225 = CARTESIAN_POINT ( 'NONE',  ( 0.5000000000000013323, -7.500000000000000000, 6.000000000000000000 ) ) ;
#226 = AXIS2_PLACEMENT_3D ( 'NONE', #1056, #664, #1214 ) ;
#227 = EDGE_CURVE ( 'NONE', #235, #976, #552, .T. ) ;
#228 = DIRECTION ( 'NONE',  ( 1.000000000000000000, -0.000000000000000000, -0.000000000000000000 ) ) ;
#229 = CARTESIAN_POINT ( 'NONE',  ( -0.1500000000000003830, 32.70000000000000995, 0.000000000000000000 ) ) ;
#230 = CC_DESIGN_PERSON_AND_ORGANIZATION_ASSIGNMENT ( #301, #1423, ( #957 ) ) ;
#231 = CIRCLE ( 'NONE', #461, 2.499999999999999556 ) ;
#232 = CARTESIAN_POINT ( 'NONE',  ( 0.000000000000000000, 30.69999999999999929, 0.5000000000000004441 ) ) ;
#233 = FACE_OUTER_BOUND ( 'NONE', #1534, .T. ) ;
#234 = EDGE_CURVE ( 'NONE', #703, #359, #1523, .T. ) ;
#235 = VERTEX_POINT ( 'NONE', #810 ) ;
#236 = ORIENTED_EDGE ( 'NONE', *, *, #227, .F. ) ;
#237 = CARTESIAN_POINT ( 'NONE',  ( 0.000000000000000000, 25.20000000000000639, 1.500000000000000444 ) ) ;
#238 = CARTESIAN_POINT ( 'NONE',  ( -0.1499999999999994948, 26.70000000000000995, 6.000000000000000000 ) ) ;
#239 = DIRECTION ( 'NONE',  ( -1.000000000000000000, -1.953337841463882217E-17, 0.000000000000000000 ) ) ;
#240 = DIRECTION ( 'NONE',  ( 1.218108298827276911E-16, -1.000000000000000000, 0.000000000000000000 ) ) ;
#241 = LINE ( 'NONE', #811, #1796 ) ;
#242 = ADVANCED_FACE ( 'NONE', ( #1364 ), #528, .F. ) ;
#243 = ORIENTED_EDGE ( 'NONE', *, *, #1551, .T. ) ;
#244 = DATE_AND_TIME ( #1494, #1242 ) ;
#245 = ORIENTED_EDGE ( 'NONE', *, *, #1793, .T. ) ;
#246 = CARTESIAN_POINT ( 'NONE',  ( -5.250000000000000000, 7.500000000000000000, 6.000000000000000000 ) ) ;
#247 = CARTESIAN_POINT ( 'NONE',  ( -5.250000000000000000, 0.5000000000000004441, 6.000000000000000000 ) ) ;
#248 = FACE_OUTER_BOUND ( 'NONE', #211, .T. ) ;
#249 = CARTESIAN_POINT ( 'NONE',  ( 0.1499999999999999389, 29.81258803253505718, 0.000000000000000000 ) ) ;
#250 = ORIENTED_EDGE ( 'NONE', *, *, #444, .F. ) ;
#251 = CC_DESIGN_PERSON_AND_ORGANIZATION_ASSIGNMENT ( #1181, #1220, ( #692 ) ) ;
#252 = ORIENTED_EDGE ( 'NONE', *, *, #71, .F. ) ;
#253 = DIRECTION ( 'NONE',  ( 0.7071067811865475727, 0.7071067811865475727, 0.000000000000000000 ) ) ;
#254 = EDGE_CURVE ( 'NONE', #1589, #1495, #1224, .T. ) ;
#255 = PRODUCT_DEFINITION_FORMATION_WITH_SPECIFIED_SOURCE ( '任何', '', #957, .NOT_KNOWN. ) ;
#256 = CARTESIAN_POINT ( 'NONE',  ( 0.5000000000000013323, -4.500000000000000000, 3.000000000000000000 ) ) ;
#257 = CARTESIAN_POINT ( 'NONE',  ( 0.000000000000000000, 25.20000000000000639, 6.000000000000000000 ) ) ;
#258 = DIRECTION ( 'NONE',  ( 0.000000000000000000, -1.000000000000000000, 0.000000000000000000 ) ) ;
#259 = ORIENTED_EDGE ( 'NONE', *, *, #283, .F. ) ;
#260 = EDGE_CURVE ( 'NONE', #1317, #919, #1147, .T. ) ;
#261 = ORIENTED_EDGE ( 'NONE', *, *, #118, .F. ) ;
#262 = ADVANCED_FACE ( 'NONE', ( #1678 ), #1542, .F. ) ;
#263 = DIRECTION ( 'NONE',  ( -0.000000000000000000, 0.000000000000000000, 1.000000000000000000 ) ) ;
#264 = DIRECTION ( 'NONE',  ( 1.000000000000000000, 0.000000000000000000, 0.000000000000000000 ) ) ;
#265 = DIRECTION ( 'NONE',  ( 1.000000000000000000, 0.000000000000000000, 0.000000000000000000 ) ) ;
#266 = VERTEX_POINT ( 'NONE', #593 ) ;
#267 = EDGE_LOOP ( 'NONE', ( #1714, #961, #114, #823 ) ) ;
#268 = AXIS2_PLACEMENT_3D ( 'NONE', #639, #1191, #1625 ) ;
#269 = DIRECTION ( 'NONE',  ( 0.000000000000000000, 0.000000000000000000, 1.000000000000000000 ) ) ;
#270 = DIRECTION ( 'NONE',  ( 0.000000000000000000, -0.000000000000000000, -1.000000000000000000 ) ) ;
#271 = DIRECTION ( 'NONE',  ( 0.000000000000000000, -1.000000000000000000, 0.000000000000000000 ) ) ;
#272 = ORIENTED_EDGE ( 'NONE', *, *, #1422, .T. ) ;
#273 = AXIS2_PLACEMENT_3D ( 'NONE', #1799, #1231, #403 ) ;
#274 = EDGE_LOOP ( 'NONE', ( #816, #1757 ) ) ;
#275 = EDGE_CURVE ( 'NONE', #774, #644, #39, .T. ) ;
#276 = LINE ( 'NONE', #1497, #1218 ) ;
#277 = EDGE_CURVE ( 'NONE', #428, #523, #1005, .T. ) ;
#278 = AXIS2_PLACEMENT_3D ( 'NONE', #408, #1498, #1380 ) ;
#279 = DIRECTION ( 'NONE',  ( -1.000000000000000000, -0.000000000000000000, -0.000000000000000000 ) ) ;
#280 = VECTOR ( 'NONE', #318, 1000.000000000000000 ) ;
#281 = DIRECTION ( 'NONE',  ( 0.000000000000000000, 0.000000000000000000, -1.000000000000000000 ) ) ;
#282 = CIRCLE ( 'NONE', #1592, 2.499999999999999556 ) ;
#283 = EDGE_CURVE ( 'NONE', #1487, #1026, #602, .T. ) ;
#284 = ORIENTED_EDGE ( 'NONE', *, *, #1527, .F. ) ;
#285 = DIRECTION ( 'NONE',  ( 0.000000000000000000, 0.000000000000000000, -1.000000000000000000 ) ) ;
#286 = EDGE_LOOP ( 'NONE', ( #467, #1108 ) ) ;
#287 = LINE ( 'NONE', #878, #369 ) ;
#288 = EDGE_LOOP ( 'NONE', ( #1252, #1571, #54, #1401, #765, #1510, #1665, #1234 ) ) ;
#289 = DIRECTION ( 'NONE',  ( 1.000000000000000000, 0.000000000000000000, 0.000000000000000000 ) ) ;
#290 = CARTESIAN_POINT ( 'NONE',  ( -0.1499999999999998834, 29.81258803253505718, 0.000000000000000000 ) ) ;
#291 = ORIENTED_EDGE ( 'NONE', *, *, #1527, .T. ) ;
#292 = LINE ( 'NONE', #1129, #440 ) ;
#293 = EDGE_CURVE ( 'NONE', #1403, #160, #1237, .T. ) ;
#294 = ORIENTED_EDGE ( 'NONE', *, *, #802, .T. ) ;
#295 = CARTESIAN_POINT ( 'NONE',  ( 0.1500000000000001887, 28.10000000000000853, 1.500000000000000444 ) ) ;
#296 = VERTEX_POINT ( 'NONE', #157 ) ;
#297 = DIRECTION ( 'NONE',  ( -0.000000000000000000, -0.000000000000000000, 1.000000000000000000 ) ) ;
#298 = CARTESIAN_POINT ( 'NONE',  ( -5.049999999999994493, 7.500000000000000000, 6.000000000000000000 ) ) ;
#299 = DIRECTION ( 'NONE',  ( 0.000000000000000000, 0.000000000000000000, -1.000000000000000000 ) ) ;
#300 = ORIENTED_EDGE ( 'NONE', *, *, #174, .T. ) ;
#301 = PERSON_AND_ORGANIZATION ( #1014, #1154 ) ;
#302 = ADVANCED_FACE ( 'NONE', ( #1427 ), #465, .T. ) ;
#303 = DIRECTION ( 'NONE',  ( -0.000000000000000000, 0.000000000000000000, 1.000000000000000000 ) ) ;
#304 = EDGE_LOOP ( 'NONE', ( #1305, #1412, #1658, #137, #1505, #261, #884, #162 ) ) ;
#305 = CARTESIAN_POINT ( 'NONE',  ( -5.250000000000000000, 2.700000000000001066, 6.000000000000000000 ) ) ;
#306 = PLANE ( 'NONE',  #1536 ) ;
#307 = CC_DESIGN_APPROVAL ( #463, ( #824 ) ) ;
#308 = AXIS2_PLACEMENT_3D ( 'NONE', #741, #880, #1292 ) ;
#309 = EDGE_LOOP ( 'NONE', ( #112, #1243, #1077, #848, #1226, #1267 ) ) ;
#310 = DIRECTION ( 'NONE',  ( 1.172002704878329515E-16, -1.000000000000000000, 0.000000000000000000 ) ) ;
#311 = AXIS2_PLACEMENT_3D ( 'NONE', #1372, #1513, #412 ) ;
#312 = ORIENTED_EDGE ( 'NONE', *, *, #357, .T. ) ;
#313 = EDGE_CURVE ( 'NONE', #1264, #25, #685, .T. ) ;
#314 = DIRECTION ( 'NONE',  ( -0.000000000000000000, -0.000000000000000000, 1.000000000000000000 ) ) ;
#315 = DIRECTION ( 'NONE',  ( -0.000000000000000000, 0.000000000000000000, 1.000000000000000000 ) ) ;
#316 = EDGE_CURVE ( 'NONE', #645, #838, #1502, .T. ) ;
#317 = LINE ( 'NONE', #1720, #447 ) ;
#318 = DIRECTION ( 'NONE',  ( -0.000000000000000000, -0.000000000000000000, 1.000000000000000000 ) ) ;
#319 = ORIENTED_EDGE ( 'NONE', *, *, #313, .T. ) ;
#320 = LINE ( 'NONE', #1416, #1223 ) ;
#321 = ORIENTED_EDGE ( 'NONE', *, *, #909, .T. ) ;
#322 = DIRECTION ( 'NONE',  ( 0.000000000000000000, 0.000000000000000000, 1.000000000000000000 ) ) ;
#323 = DIRECTION ( 'NONE',  ( -0.000000000000000000, -0.000000000000000000, 1.000000000000000000 ) ) ;
#324 = CARTESIAN_POINT ( 'NONE',  ( 0.000000000000000000, 30.69999999999999929, 0.000000000000000000 ) ) ;
#325 = CARTESIAN_POINT ( 'NONE',  ( -1.999999999999997335, 28.10000000000000853, 1.500000000000000444 ) ) ;
#326 = PRODUCT_RELATED_PRODUCT_CATEGORY ( 'detail', '', ( #957 ) ) ;
#327 = VECTOR ( 'NONE', #1741, 1000.000000000000114 ) ;
#328 = ORIENTED_EDGE ( 'NONE', *, *, #832, .F. ) ;
#329 = CARTESIAN_POINT ( 'NONE',  ( 5.250000000000000000, -4.500000000000000000, 3.000000000000000000 ) ) ;
#330 = VECTOR ( 'NONE', #1055, 1000.000000000000000 ) ;
#331 = VERTEX_POINT ( 'NONE', #1696 ) ;
#332 = CIRCLE ( 'NONE', #531, 2.499999999999999556 ) ;
#333 = LINE ( 'NONE', #1488, #720 ) ;
#334 = CARTESIAN_POINT ( 'NONE',  ( 5.250000000000000000, 0.5000000000000004441, 0.000000000000000000 ) ) ;
#335 = DIRECTION ( 'NONE',  ( 8.673617379884088474E-17, -1.000000000000000000, 0.000000000000000000 ) ) ;
#336 = ORIENTED_EDGE ( 'NONE', *, *, #1368, .F. ) ;
#337 = LINE ( 'NONE', #727, #760 ) ;
#338 = VECTOR ( 'NONE', #1057, 1000.000000000000000 ) ;
#339 = ADVANCED_FACE ( 'NONE', ( #453 ), #167, .T. ) ;
#340 = ORIENTED_EDGE ( 'NONE', *, *, #146, .F. ) ;
#341 = VECTOR ( 'NONE', #1097, 1000.000000000000000 ) ;
#342 = VERTEX_POINT ( 'NONE', #1576 ) ;
#343 = CARTESIAN_POINT ( 'NONE',  ( -5.250000000000000000, -7.500000000000000000, 6.000000000000000000 ) ) ;
#344 = CARTESIAN_POINT ( 'NONE',  ( 5.250000000000000000, -7.500000000000000000, 6.000000000000000000 ) ) ;
#345 = CARTESIAN_POINT ( 'NONE',  ( -2.000000000000000000, 32.70000000000000284, 0.5000000000000004441 ) ) ;
#346 = EDGE_LOOP ( 'NONE', ( #654, #844, #1133, #243 ) ) ;
#347 = LINE ( 'NONE', #917, #788 ) ;
#348 = ORIENTED_EDGE ( 'NONE', *, *, #1640, .F. ) ;
#349 = EDGE_CURVE ( 'NONE', #1617, #1442, #22, .T. ) ;
#350 = EDGE_LOOP ( 'NONE', ( #1286, #1474, #1426, #712 ) ) ;
#351 = DIRECTION ( 'NONE',  ( 0.000000000000000000, -0.000000000000000000, 1.000000000000000000 ) ) ;
#352 = DIRECTION ( 'NONE',  ( -1.219148684000004408E-16, 1.000000000000000000, 0.000000000000000000 ) ) ;
#353 = LINE ( 'NONE', #229, #783 ) ;
#354 = ORIENTED_EDGE ( 'NONE', *, *, #877, .T. ) ;
#355 = CARTESIAN_POINT ( 'NONE',  ( 0.1500000000000038247, 1.959346099285771378E-17, 6.000000000000000000 ) ) ;
#356 = ORIENTED_EDGE ( 'NONE', *, *, #1719, .T. ) ;
#357 = EDGE_CURVE ( 'NONE', #1349, #148, #10, .T. ) ;
#358 = PERSON_AND_ORGANIZATION ( #1014, #1154 ) ;
#359 = VERTEX_POINT ( 'NONE', #1134 ) ;
#360 = CARTESIAN_POINT ( 'NONE',  ( 0.5000000000000013323, -4.500000000000000000, 3.000000000000000000 ) ) ;
#361 = EDGE_CURVE ( 'NONE', #1128, #469, #1686, .T. ) ;
#362 = AXIS2_PLACEMENT_3D ( 'NONE', #1087, #1239, #1549 ) ;
#363 = LINE ( 'NONE', #1746, #1360 ) ;
#364 = DIRECTION ( 'NONE',  ( -1.000000000000000000, -1.734723475976807292E-15, 0.000000000000000000 ) ) ;
#365 = DIRECTION ( 'NONE',  ( 0.000000000000000000, 0.000000000000000000, 1.000000000000000000 ) ) ;
#366 = DIRECTION ( 'NONE',  ( -0.7071067811865453523, 0.7071067811865496822, 0.000000000000000000 ) ) ;
#367 = CIRCLE ( 'NONE', #1618, 0.8999999999999984679 ) ;
#368 = ORIENTED_EDGE ( 'NONE', *, *, #684, .F. ) ;
#369 = VECTOR ( 'NONE', #418, 1000.000000000000000 ) ;
#370 = CIRCLE ( 'NONE', #1100, 1.500000000000000000 ) ;
#371 = ORIENTED_EDGE ( 'NONE', *, *, #1262, .T. ) ;
#372 = DIRECTION ( 'NONE',  ( 1.000000000000000000, -0.000000000000000000, -0.000000000000000000 ) ) ;
#373 = EDGE_CURVE ( 'NONE', #1670, #1722, #317, .T. ) ;
#374 = CIRCLE ( 'NONE', #18, 2.000000000000000000 ) ;
#375 = FACE_OUTER_BOUND ( 'NONE', #1750, .T. ) ;
#376 = DIRECTION ( 'NONE',  ( 0.7071067811865536790, 0.7071067811865414665, -0.000000000000000000 ) ) ;
#377 = EDGE_CURVE ( 'NONE', #549, #1801, #30, .T. ) ;
#378 = CARTESIAN_POINT ( 'NONE',  ( 0.5000000000000012212, -1.949489742783177437, 6.000000000000000000 ) ) ;
#379 = FACE_OUTER_BOUND ( 'NONE', #561, .T. ) ;
#380 = VECTOR ( 'NONE', #875, 1000.000000000000000 ) ;
#381 = ORIENTED_EDGE ( 'NONE', *, *, #551, .F. ) ;
#382 = ORIENTED_EDGE ( 'NONE', *, *, #626, .F. ) ;
#383 = DIRECTION ( 'NONE',  ( -2.679838257420009105E-16, 1.000000000000000000, 0.000000000000000000 ) ) ;
#384 = DIRECTION ( 'NONE',  ( 1.000000000000000000, 0.000000000000000000, 0.000000000000000000 ) ) ;
#385 = ORIENTED_EDGE ( 'NONE', *, *, #836, .T. ) ;
#386 = VECTOR ( 'NONE', #127, 1000.000000000000000 ) ;
#387 = LINE ( 'NONE', #936, #613 ) ;
#388 = EDGE_LOOP ( 'NONE', ( #717, #406, #953, #145 ) ) ;
#389 = ORIENTED_EDGE ( 'NONE', *, *, #1444, .F. ) ;
#390 = DIRECTION ( 'NONE',  ( 1.000000000000000000, -0.000000000000000000, -0.000000000000000000 ) ) ;
#391 = CARTESIAN_POINT ( 'NONE',  ( -5.250000000000000000, -1.699999999999993072, 6.000000000000000000 ) ) ;
#392 = DIRECTION ( 'NONE',  ( -0.000000000000000000, -0.000000000000000000, 1.000000000000000000 ) ) ;
#393 = CARTESIAN_POINT ( 'NONE',  ( 5.250000000000000000, -4.500000000000000000, 4.249999999999992895 ) ) ;
#394 = EDGE_CURVE ( 'NONE', #1408, #1071, #1283, .T. ) ;
#395 = ORIENTED_EDGE ( 'NONE', *, *, #851, .F. ) ;
#396 = EDGE_CURVE ( 'NONE', #1724, #102, #1404, .T. ) ;
#397 = ORIENTED_EDGE ( 'NONE', *, *, #998, .T. ) ;
#398 = LINE ( 'NONE', #97, #1320 ) ;
#399 = AXIS2_PLACEMENT_3D ( 'NONE', #599, #1590, #314 ) ;
#400 = AXIS2_PLACEMENT_3D ( 'NONE', #232, #791, #61 ) ;
#401 = VECTOR ( 'NONE', #821, 1000.000000000000000 ) ;
#402 = PLANE ( 'NONE',  #79 ) ;
#403 = DIRECTION ( 'NONE',  ( 0.000000000000000000, 0.000000000000000000, -1.000000000000000000 ) ) ;
#404 = CARTESIAN_POINT ( 'NONE',  ( 5.049999999999998046, 7.500000000000000000, 0.000000000000000000 ) ) ;
#405 = EDGE_LOOP ( 'NONE', ( #595, #1376, #682, #245, #1760, #903, #1245, #1351, #1272, #662 ) ) ;
#406 = ORIENTED_EDGE ( 'NONE', *, *, #799, .F. ) ;
#407 = CARTESIAN_POINT ( 'NONE',  ( 2.000000000000000000, 31.19999999999999929, 6.000000000000000000 ) ) ;
#408 = CARTESIAN_POINT ( 'NONE',  ( -2.000000000000000000, 32.70000000000000284, 0.5000000000000004441 ) ) ;
#409 = FACE_OUTER_BOUND ( 'NONE', #121, .T. ) ;
#410 = ORIENTED_EDGE ( 'NONE', *, *, #424, .F. ) ;
#411 = EDGE_LOOP ( 'NONE', ( #382, #328 ) ) ;
#412 = DIRECTION ( 'NONE',  ( 1.000000000000000000, 0.000000000000000000, 0.000000000000000000 ) ) ;
#413 = EDGE_CURVE ( 'NONE', #976, #495, #68, .T. ) ;
#414 = CARTESIAN_POINT ( 'NONE',  ( -5.250000000000000000, 7.500000000000000000, 6.000000000000000000 ) ) ;
#415 = LINE ( 'NONE', #290, #47 ) ;
#416 = ORIENTED_EDGE ( 'NONE', *, *, #118, .T. ) ;
#417 = ORIENTED_EDGE ( 'NONE', *, *, #89, .F. ) ;
#418 = DIRECTION ( 'NONE',  ( -1.000000000000000000, 0.000000000000000000, 0.000000000000000000 ) ) ;
#419 = APPROVAL_PERSON_ORGANIZATION ( #614, #1782, #1717 ) ;
#420 = ORIENTED_EDGE ( 'NONE', *, *, #758, .T. ) ;
#421 = AXIS2_PLACEMENT_3D ( 'NONE', #1557, #303, #165 ) ;
#422 = CYLINDRICAL_SURFACE ( 'NONE', #273, 1.249999999999992450 ) ;
#423 = LINE ( 'NONE', #1266, #642 ) ;
#424 = EDGE_CURVE ( 'NONE', #565, #541, #1559, .T. ) ;
#425 = VECTOR ( 'NONE', #1290, 1000.000000000000000 ) ;
#426 = EDGE_LOOP ( 'NONE', ( #710, #15 ) ) ;
#427 = LINE ( 'NONE', #1362, #970 ) ;
#428 = VERTEX_POINT ( 'NONE', #80 ) ;
#429 = AXIS2_PLACEMENT_3D ( 'NONE', #33, #1016, #1572 ) ;
#430 = FACE_OUTER_BOUND ( 'NONE', #505, .T. ) ;
#431 = ORIENTED_EDGE ( 'NONE', *, *, #1371, .F. ) ;
#432 = DIRECTION ( 'NONE',  ( 0.000000000000000000, 0.000000000000000000, -1.000000000000000000 ) ) ;
#433 = FACE_OUTER_BOUND ( 'NONE', #1599, .T. ) ;
#434 = ORIENTED_EDGE ( 'NONE', *, *, #1454, .T. ) ;
#435 = DIRECTION ( 'NONE',  ( 1.000000000000000000, 0.000000000000000000, 0.000000000000000000 ) ) ;
#436 = EDGE_CURVE ( 'NONE', #1487, #29, #363, .T. ) ;
#437 = ORIENTED_EDGE ( 'NONE', *, *, #373, .F. ) ;
#438 =( NAMED_UNIT ( * ) SI_UNIT ( $, .STERADIAN. ) SOLID_ANGLE_UNIT ( ) );
#439 = PLANE ( 'NONE',  #109 ) ;
#440 = VECTOR ( 'NONE', #795, 1000.000000000000000 ) ;
#441 = ORIENTED_EDGE ( 'NONE', *, *, #745, .F. ) ;
#442 = DIRECTION ( 'NONE',  ( -0.000000000000000000, 0.000000000000000000, -1.000000000000000000 ) ) ;
#443 = CARTESIAN_POINT ( 'NONE',  ( 5.250000000000001776, -4.500000000000000000, 1.750000000000012879 ) ) ;
#444 = EDGE_CURVE ( 'NONE', #1670, #784, #1613, .T. ) ;
#445 = ORIENTED_EDGE ( 'NONE', *, *, #42, .T. ) ;
#446 = DIRECTION ( 'NONE',  ( 1.000000000000000000, 0.000000000000000000, 0.000000000000000000 ) ) ;
#447 = VECTOR ( 'NONE', #986, 1000.000000000000114 ) ;
#448 = EDGE_LOOP ( 'NONE', ( #1511, #85, #1017, #938 ) ) ;
#449 = EDGE_CURVE ( 'NONE', #130, #1149, #87, .T. ) ;
#450 = DIRECTION ( 'NONE',  ( -6.315740810595169426E-17, -1.000000000000000000, 0.000000000000000000 ) ) ;
#451 = LINE ( 'NONE', #1155, #455 ) ;
#452 = AXIS2_PLACEMENT_3D ( 'NONE', #16, #1506, #1352 ) ;
#453 = FACE_OUTER_BOUND ( 'NONE', #674, .T. ) ;
#454 = DIRECTION ( 'NONE',  ( -0.000000000000000000, -0.000000000000000000, 1.000000000000000000 ) ) ;
#455 = VECTOR ( 'NONE', #464, 1000.000000000000000 ) ;
#456 = CC_DESIGN_SECURITY_CLASSIFICATION ( #692, ( #255 ) ) ;
#457 = VECTOR ( 'NONE', #860, 1000.000000000000000 ) ;
#458 = ORIENTED_EDGE ( 'NONE', *, *, #817, .T. ) ;
#459 = CARTESIAN_POINT ( 'NONE',  ( -0.4999999999999995559, -5.860013524391642644E-17, 0.000000000000000000 ) ) ;
#460 = ORIENTED_EDGE ( 'NONE', *, *, #611, .F. ) ;
#461 = AXIS2_PLACEMENT_3D ( 'NONE', #1749, #651, #1366 ) ;
#462 = PERSON_AND_ORGANIZATION_ROLE ( 'creator' ) ;
#463 = APPROVAL ( #164, '未指定' ) ;
#464 = DIRECTION ( 'NONE',  ( -0.7071067811865536790, -0.7071067811865414665, -0.000000000000000000 ) ) ;
#465 = CYLINDRICAL_SURFACE ( 'NONE', #746, 1.500000000000000000 ) ;
#466 = CARTESIAN_POINT ( 'NONE',  ( -1.999999999999997335, 28.10000000000000853, 1.500000000000000444 ) ) ;
#467 = ORIENTED_EDGE ( 'NONE', *, *, #128, .F. ) ;
#468 = DIRECTION ( 'NONE',  ( -1.000000000000000000, -1.306230732857147598E-16, 0.000000000000000000 ) ) ;
#469 = VERTEX_POINT ( 'NONE', #647 ) ;
#470 = COORDINATED_UNIVERSAL_TIME_OFFSET ( 8, 0, .AHEAD. ) ;
#471 = LINE ( 'NONE', #1028, #1140 ) ;
#472 = CARTESIAN_POINT ( 'NONE',  ( 5.049999999999990941, -7.500000000000000000, 0.000000000000000000 ) ) ;
#473 = DIRECTION ( 'NONE',  ( 1.000000000000000000, 0.000000000000000000, 0.000000000000000000 ) ) ;
#474 = ADVANCED_FACE ( 'NONE', ( #481 ), #895, .T. ) ;
#475 = ORIENTED_EDGE ( 'NONE', *, *, #937, .F. ) ;
#476 = CARTESIAN_POINT ( 'NONE',  ( 2.499999999999999556, 0.5000000000000004441, 6.000000000000000000 ) ) ;
#477 = ORIENTED_EDGE ( 'NONE', *, *, #988, .F. ) ;
#478 = DATE_AND_TIME ( #57, #1563 ) ;
#479 = ORIENTED_EDGE ( 'NONE', *, *, #1339, .F. ) ;
#480 = DIRECTION ( 'NONE',  ( -0.7071067811865445751, 0.7071067811865504593, -0.000000000000000000 ) ) ;
#481 = FACE_OUTER_BOUND ( 'NONE', #208, .T. ) ;
#482 = DIRECTION ( 'NONE',  ( 0.7071067811865504593, 0.7071067811865445751, 0.000000000000000000 ) ) ;
#483 = ADVANCED_FACE ( 'NONE', ( #1449 ), #1186, .F. ) ;
#484 = DIRECTION ( 'NONE',  ( -1.000000000000000000, -1.734723475976807094E-15, -0.000000000000000000 ) ) ;
#485 = CARTESIAN_POINT ( 'NONE',  ( 5.038819441731558157, -1.488819441731558557, 6.000000000000000000 ) ) ;
#486 = CIRCLE ( 'NONE', #641, 2.000000000000000000 ) ;
#487 = VECTOR ( 'NONE', #1142, 1000.000000000000000 ) ;
#488 = ORIENTED_EDGE ( 'NONE', *, *, #626, .T. ) ;
#489 = ORIENTED_EDGE ( 'NONE', *, *, #260, .T. ) ;
#490 = CARTESIAN_POINT ( 'NONE',  ( 5.250000000000000000, -1.699999999999999289, 6.000000000000000000 ) ) ;
#491 = PLANE ( 'NONE',  #577 ) ;
#492 = DIRECTION ( 'NONE',  ( 0.000000000000000000, 1.000000000000000000, -0.000000000000000000 ) ) ;
#493 = CARTESIAN_POINT ( 'NONE',  ( -2.000000000000000000, 32.70000000000000284, 6.000000000000000000 ) ) ;
#494 = LINE ( 'NONE', #91, #1379 ) ;
#495 = VERTEX_POINT ( 'NONE', #627 ) ;
#496 = ADVANCED_FACE ( 'NONE', ( #636 ), #1621, .F. ) ;
#497 = VERTEX_POINT ( 'NONE', #778 ) ;
#498 = DIRECTION ( 'NONE',  ( 0.000000000000000000, 0.000000000000000000, -1.000000000000000000 ) ) ;
#499 = CARTESIAN_POINT ( 'NONE',  ( -5.250000000000000000, -7.500000000000000000, 6.000000000000000000 ) ) ;
#500 = LINE ( 'NONE', #1481, #543 ) ;
#501 = DIRECTION ( 'NONE',  ( 1.000000000000000000, 0.000000000000000000, 0.000000000000000000 ) ) ;
#502 = LINE ( 'NONE', #1778, #327 ) ;
#503 = EDGE_CURVE ( 'NONE', #1317, #1607, #1593, .T. ) ;
#504 = ORIENTED_EDGE ( 'NONE', *, *, #1148, .T. ) ;
#505 = EDGE_LOOP ( 'NONE', ( #1015, #763, #1561, #236 ) ) ;
#506 = EDGE_CURVE ( 'NONE', #266, #469, #1029, .T. ) ;
#507 = LINE ( 'NONE', #1319, #830 ) ;
#508 = CARTESIAN_POINT ( 'NONE',  ( -0.1499999999999962474, -1.828723025999960883E-17, 1.500000000000000444 ) ) ;
#509 = DIRECTION ( 'NONE',  ( -1.734723475976807292E-15, 1.000000000000000000, 0.000000000000000000 ) ) ;
#510 = ORIENTED_EDGE ( 'NONE', *, *, #652, .T. ) ;
#511 = DIRECTION ( 'NONE',  ( 0.000000000000000000, 0.000000000000000000, -1.000000000000000000 ) ) ;
#512 = AXIS2_PLACEMENT_3D ( 'NONE', #764, #1307, #310 ) ;
#513 = ORIENTED_EDGE ( 'NONE', *, *, #558, .T. ) ;
#514 = LOCAL_TIME ( 19, 42, 33.00000000000000000, #785 ) ;
#515 = AXIS2_PLACEMENT_3D ( 'NONE', #547, #271, #1667 ) ;
#516 = ORIENTED_EDGE ( 'NONE', *, *, #413, .T. ) ;
#517 = DIRECTION ( 'NONE',  ( -0.000000000000000000, -0.000000000000000000, 1.000000000000000000 ) ) ;
#518 = VECTOR ( 'NONE', #671, 1000.000000000000000 ) ;
#519 = DIRECTION ( 'NONE',  ( 0.000000000000000000, 0.000000000000000000, -1.000000000000000000 ) ) ;
#520 = PLANE ( 'NONE',  #1074 ) ;
#521 = LINE ( 'NONE', #1460, #1522 ) ;
#522 = AXIS2_PLACEMENT_3D ( 'NONE', #329, #1162, #756 ) ;
#523 = VERTEX_POINT ( 'NONE', #59 ) ;
#524 = ORIENTED_EDGE ( 'NONE', *, *, #678, .T. ) ;
#525 = CARTESIAN_POINT ( 'NONE',  ( 5.250000000000000000, -4.500000000000000000, 1.750000000000007550 ) ) ;
#526 = ADVANCED_FACE ( 'NONE', ( #1175 ), #1489, .F. ) ;
#527 = CARTESIAN_POINT ( 'NONE',  ( 2.499999999999999556, 0.5000000000000004441, 0.000000000000000000 ) ) ;
#528 = PLANE ( 'NONE',  #536 ) ;
#529 = DIRECTION ( 'NONE',  ( 1.000000000000000000, 0.000000000000000000, 0.000000000000000000 ) ) ;
#530 = ADVANCED_FACE ( 'NONE', ( #1205 ), #491, .F. ) ;
#531 = AXIS2_PLACEMENT_3D ( 'NONE', #960, #967, #1515 ) ;
#532 = ORIENTED_EDGE ( 'NONE', *, *, #937, .T. ) ;
#533 = EDGE_LOOP ( 'NONE', ( #622, #312, #321, #1327 ) ) ;
#534 = DIRECTION ( 'NONE',  ( 0.000000000000000000, 0.000000000000000000, -1.000000000000000000 ) ) ;
#535 = CARTESIAN_POINT ( 'NONE',  ( 5.250000000000000000, 7.300000000000000711, 6.000000000000000000 ) ) ;
#536 = AXIS2_PLACEMENT_3D ( 'NONE', #110, #672, #1096 ) ;
#537 = CARTESIAN_POINT ( 'NONE',  ( -1.999999999999997335, 28.10000000000000853, 1.500000000000000444 ) ) ;
#538 = DIRECTION ( 'NONE',  ( 1.000000000000000000, 0.000000000000000000, 0.000000000000000000 ) ) ;
#539 = ADVANCED_FACE ( 'NONE', ( #375 ), #769, .F. ) ;
#540 = ORIENTED_EDGE ( 'NONE', *, *, #1254, .F. ) ;
#541 = VERTEX_POINT ( 'NONE', #238 ) ;
#542 = VECTOR ( 'NONE', #1738, 1000.000000000000000 ) ;
#543 = VECTOR ( 'NONE', #376, 1000.000000000000000 ) ;
#544 = CARTESIAN_POINT ( 'NONE',  ( -0.1499999999999998834, 29.81258803253505718, 6.000000000000000000 ) ) ;
#545 = CARTESIAN_POINT ( 'NONE',  ( 0.000000000000000000, 30.69999999999999929, 6.000000000000000000 ) ) ;
#546 = ADVANCED_FACE ( 'NONE', ( #1048 ), #797, .F. ) ;
#547 = CARTESIAN_POINT ( 'NONE',  ( 0.000000000000000000, 26.70000000000000995, 0.000000000000000000 ) ) ;
#548 = ADVANCED_FACE ( 'NONE', ( #1332 ), #98, .F. ) ;
#549 = VERTEX_POINT ( 'NONE', #472 ) ;
#550 = VERTEX_POINT ( 'NONE', #1387 ) ;
#551 = EDGE_CURVE ( 'NONE', #1631, #794, #282, .T. ) ;
#552 = LINE ( 'NONE', #1646, #861 ) ;
#553 = LINE ( 'NONE', #1119, #401 ) ;
#554 = VERTEX_POINT ( 'NONE', #391 ) ;
#555 = ORIENTED_EDGE ( 'NONE', *, *, #316, .T. ) ;
#556 = CIRCLE ( 'NONE', #268, 2.499999999999999556 ) ;
#557 = PRODUCT_DEFINITION_SHAPE ( 'NONE', 'NONE',  #824 ) ;
#558 = EDGE_CURVE ( 'NONE', #122, #911, #1775, .T. ) ;
#559 = LINE ( 'NONE', #38, #1420 ) ;
#560 = VECTOR ( 'NONE', #115, 1000.000000000000000 ) ;
#561 = EDGE_LOOP ( 'NONE', ( #1084, #971, #1597, #1429 ) ) ;
#562 = CARTESIAN_POINT ( 'NONE',  ( -0.5000000000000026645, 32.70000000000000284, 6.000000000000000000 ) ) ;
#563 = DIRECTION ( 'NONE',  ( 0.000000000000000000, 1.000000000000000000, 0.000000000000000000 ) ) ;
#564 = AXIS2_PLACEMENT_3D ( 'NONE', #344, #192, #1737 ) ;
#565 = VERTEX_POINT ( 'NONE', #544 ) ;
#566 = DIRECTION ( 'NONE',  ( -1.000000000000000000, 0.000000000000000000, 0.000000000000000000 ) ) ;
#567 = DESIGN_CONTEXT ( 'detailed design', #625, 'design' ) ;
#568 = ORIENTED_EDGE ( 'NONE', *, *, #154, .T. ) ;
#569 = DIRECTION ( 'NONE',  ( 0.000000000000000000, 0.000000000000000000, -1.000000000000000000 ) ) ;
#570 = CIRCLE ( 'NONE', #400, 0.8999999999999984679 ) ;
#571 = APPROVAL ( #1045, '未指定' ) ;
#572 = AXIS2_PLACEMENT_3D ( 'NONE', #847, #498, #1582 ) ;
#573 = ORIENTED_EDGE ( 'NONE', *, *, #361, .T. ) ;
#574 = AXIS2_PLACEMENT_3D ( 'NONE', #1411, #315, #1115 ) ;
#575 = CARTESIAN_POINT ( 'NONE',  ( -0.1499999999999995226, 28.10000000000000853, 1.500000000000000444 ) ) ;
#576 = LINE ( 'NONE', #1160, #1244 ) ;
#577 = AXIS2_PLACEMENT_3D ( 'NONE', #1457, #1728, #203 ) ;
#578 = ORIENTED_EDGE ( 'NONE', *, *, #275, .F. ) ;
#579 = CARTESIAN_POINT ( 'NONE',  ( -5.038819441731564375, -1.488819441731559001, 6.000000000000000000 ) ) ;
#580 = ORIENTED_EDGE ( 'NONE', *, *, #1174, .T. ) ;
#581 = DIRECTION ( 'NONE',  ( 1.000000000000000000, 0.000000000000000000, 0.000000000000000000 ) ) ;
#582 = ADVANCED_FACE ( 'NONE', ( #124 ), #402, .T. ) ;
#583 = ORIENTED_EDGE ( 'NONE', *, *, #611, .T. ) ;
#584 = CARTESIAN_POINT ( 'NONE',  ( -2.000000000000000000, 7.500000000000000000, 0.5000000000000004441 ) ) ;
#585 = CYLINDRICAL_SURFACE ( 'NONE', #1188, 0.8999999999999984679 ) ;
#586 = EDGE_CURVE ( 'NONE', #1076, #812, #374, .T. ) ;
#587 = VERTEX_POINT ( 'NONE', #138 ) ;
#588 = PLANE ( 'NONE',  #512 ) ;
#589 = EDGE_LOOP ( 'NONE', ( #356, #9, #1227, #1383 ) ) ;
#590 = CARTESIAN_POINT ( 'NONE',  ( 0.000000000000000000, 0.000000000000000000, 0.000000000000000000 ) ) ;
#591 = AXIS2_PLACEMENT_3D ( 'NONE', #1632, #1208, #1758 ) ;
#592 = DIRECTION ( 'NONE',  ( 0.000000000000000000, 1.000000000000000000, 0.000000000000000000 ) ) ;
#593 = CARTESIAN_POINT ( 'NONE',  ( -0.1499999999999994948, 26.70000000000000995, 1.500000000000000444 ) ) ;
#594 = CARTESIAN_POINT ( 'NONE',  ( 6.275000000000001243, 6.275000000000001243, 0.000000000000000000 ) ) ;
#595 = ORIENTED_EDGE ( 'NONE', *, *, #768, .F. ) ;
#596 = CARTESIAN_POINT ( 'NONE',  ( -0.1499999999999995226, 28.10000000000000853, 0.5000000000000002220 ) ) ;
#597 = VECTOR ( 'NONE', #789, 1000.000000000000000 ) ;
#598 = ORIENTED_EDGE ( 'NONE', *, *, #1521, .F. ) ;
#599 = CARTESIAN_POINT ( 'NONE',  ( -5.038819441731564375, -1.488819441731559001, 0.000000000000000000 ) ) ;
#600 = CARTESIAN_POINT ( 'NONE',  ( 2.000000000000000000, 31.19999999999999929, 0.5000000000000004441 ) ) ;
#601 = VECTOR ( 'NONE', #383, 1000.000000000000000 ) ;
#602 = LINE ( 'NONE', #1712, #214 ) ;
#603 = LINE ( 'NONE', #725, #280 ) ;
#604 = AXIS2_PLACEMENT_3D ( 'NONE', #360, #1183, #1591 ) ;
#605 = VECTOR ( 'NONE', #450, 1000.000000000000000 ) ;
#606 = AXIS2_PLACEMENT_3D ( 'NONE', #140, #1638, #706 ) ;
#607 = AXIS2_PLACEMENT_3D ( 'NONE', #88, #492, #1176 ) ;
#608 = ORIENTED_EDGE ( 'NONE', *, *, #780, .T. ) ;
#609 = CARTESIAN_POINT ( 'NONE',  ( 5.038819441731564375, 2.488819441731560111, 6.000000000000000000 ) ) ;
#610 = VECTOR ( 'NONE', #1653, 1000.000000000000000 ) ;
#611 = EDGE_CURVE ( 'NONE', #812, #170, #1102, .T. ) ;
#612 = VERTEX_POINT ( 'NONE', #1104 ) ;
#613 = VECTOR ( 'NONE', #1604, 1000.000000000000000 ) ;
#614 = PERSON_AND_ORGANIZATION ( #1014, #1154 ) ;
#615 = EDGE_CURVE ( 'NONE', #266, #541, #1377, .T. ) ;
#616 = DIRECTION ( 'NONE',  ( 0.000000000000000000, 0.000000000000000000, -1.000000000000000000 ) ) ;
#617 = VECTOR ( 'NONE', #1723, 1000.000000000000114 ) ;
#618 = DIRECTION ( 'NONE',  ( -1.000000000000000000, 0.000000000000000000, 0.000000000000000000 ) ) ;
#619 = FACE_BOUND ( 'NONE', #882, .T. ) ;
#620 = ORIENTED_EDGE ( 'NONE', *, *, #1127, .T. ) ;
#621 = LINE ( 'NONE', #459, #380 ) ;
#622 = ORIENTED_EDGE ( 'NONE', *, *, #1080, .T. ) ;
#623 = LINE ( 'NONE', #1725, #1184 ) ;
#624 = FACE_OUTER_BOUND ( 'NONE', #1516, .T. ) ;
#625 = APPLICATION_CONTEXT ( 'configuration controlled 3d designs of mechanical parts and assemblies' ) ;
#626 = EDGE_CURVE ( 'NONE', #1683, #130, #1537, .T. ) ;
#627 = CARTESIAN_POINT ( 'NONE',  ( 2.000000000000000000, 9.000000000000000000, 6.000000000000000000 ) ) ;
#628 = DIRECTION ( 'NONE',  ( 8.673617379884088474E-17, -1.000000000000000000, 0.000000000000000000 ) ) ;
#629 = LINE ( 'NONE', #1178, #1620 ) ;
#630 = CARTESIAN_POINT ( 'NONE',  ( 5.250000000000001776, -4.500000000000000000, 4.249999999999987566 ) ) ;
#631 = ORIENTED_EDGE ( 'NONE', *, *, #1229, .F. ) ;
#632 = VECTOR ( 'NONE', #69, 1000.000000000000000 ) ;
#633 = AXIS2_PLACEMENT_3D ( 'NONE', #584, #1273, #1265 ) ;
#634 = ORIENTED_EDGE ( 'NONE', *, *, #1275, .T. ) ;
#635 = LINE ( 'NONE', #1047, #1382 ) ;
#636 = FACE_OUTER_BOUND ( 'NONE', #350, .T. ) ;
#637 = DIRECTION ( 'NONE',  ( -0.000000000000000000, -0.000000000000000000, 1.000000000000000000 ) ) ;
#638 = CARTESIAN_POINT ( 'NONE',  ( -5.250000000000000000, -7.500000000000000000, 0.000000000000000000 ) ) ;
#639 = CARTESIAN_POINT ( 'NONE',  ( 0.000000000000000000, 0.5000000000000004441, 0.000000000000000000 ) ) ;
#640 = ADVANCED_FACE ( 'NONE', ( #1637 ), #1644, .F. ) ;
#641 = AXIS2_PLACEMENT_3D ( 'NONE', #1660, #270, #1790 ) ;
#642 = VECTOR ( 'NONE', #1112, 1000.000000000000000 ) ;
#643 = AXIS2_PLACEMENT_3D ( 'NONE', #677, #132, #1086 ) ;
#644 = VERTEX_POINT ( 'NONE', #535 ) ;
#645 = VERTEX_POINT ( 'NONE', #1079 ) ;
#646 = DIRECTION ( 'NONE',  ( 1.000000000000000000, 0.000000000000000000, 0.000000000000000000 ) ) ;
#647 = CARTESIAN_POINT ( 'NONE',  ( -0.1499999999999996614, 28.10000000000000853, 1.500000000000000444 ) ) ;
#648 = LINE ( 'NONE', #1314, #338 ) ;
#649 = ADVANCED_FACE ( 'NONE', ( #1095, #825 ), #1630, .F. ) ;
#650 = DIRECTION ( 'NONE',  ( -0.7071067811865496822, -0.7071067811865453523, -0.000000000000000000 ) ) ;
#651 = DIRECTION ( 'NONE',  ( -0.000000000000000000, 0.000000000000000000, 1.000000000000000000 ) ) ;
#652 = EDGE_CURVE ( 'NONE', #1589, #644, #809, .T. ) ;
#653 = VERTEX_POINT ( 'NONE', #1788 ) ;
#654 = ORIENTED_EDGE ( 'NONE', *, *, #1174, .F. ) ;
#655 = CARTESIAN_POINT ( 'NONE',  ( -0.4999999999999995559, -5.860013524391642644E-17, 6.000000000000000000 ) ) ;
#656 = DIRECTION ( 'NONE',  ( -0.000000000000000000, -0.000000000000000000, 1.000000000000000000 ) ) ;
#657 = DIRECTION ( 'NONE',  ( 0.000000000000000000, 0.000000000000000000, -1.000000000000000000 ) ) ;
#658 = CARTESIAN_POINT ( 'NONE',  ( 5.250000000000000000, -7.299999999999997158, 6.000000000000000000 ) ) ;
#659 = PLANE ( 'NONE',  #591 ) ;
#660 = ORIENTED_EDGE ( 'NONE', *, *, #1018, .F. ) ;
#661 = CC_DESIGN_DATE_AND_TIME_ASSIGNMENT ( #210, #946, ( #692 ) ) ;
#662 = ORIENTED_EDGE ( 'NONE', *, *, #506, .F. ) ;
#663 = CARTESIAN_POINT ( 'NONE',  ( 0.5000000000000013323, -7.500000000000000000, 0.000000000000000000 ) ) ;
#664 = DIRECTION ( 'NONE',  ( -0.000000000000000000, -0.000000000000000000, 1.000000000000000000 ) ) ;
#665 = CARTESIAN_POINT ( 'NONE',  ( 5.250000000000000000, -7.299999999999997158, 0.000000000000000000 ) ) ;
#666 = DIRECTION ( 'NONE',  ( 1.000000000000000000, 0.000000000000000000, 0.000000000000000000 ) ) ;
#667 = ORIENTED_EDGE ( 'NONE', *, *, #234, .F. ) ;
#668 = VERTEX_POINT ( 'NONE', #407 ) ;
#669 = CARTESIAN_POINT ( 'NONE',  ( 0.5000000000000000000, 31.19999999999999929, 6.000000000000000000 ) ) ;
#670 = EDGE_CURVE ( 'NONE', #550, #708, #965, .T. ) ;
#671 = DIRECTION ( 'NONE',  ( 0.000000000000000000, 1.000000000000000000, 0.000000000000000000 ) ) ;
#672 = DIRECTION ( 'NONE',  ( 1.000000000000000000, 0.000000000000000000, 0.000000000000000000 ) ) ;
#673 = DIRECTION ( 'NONE',  ( -0.000000000000000000, -0.000000000000000000, 1.000000000000000000 ) ) ;
#674 = EDGE_LOOP ( 'NONE', ( #200, #178, #189, #1398, #348, #445 ) ) ;
#675 = ORIENTED_EDGE ( 'NONE', *, *, #888, .T. ) ;
#676 = DIRECTION ( 'NONE',  ( -0.000000000000000000, -1.000000000000000000, -0.000000000000000000 ) ) ;
#677 = CARTESIAN_POINT ( 'NONE',  ( -5.250000000000000000, 0.5000000000000004441, 6.000000000000000000 ) ) ;
#678 = EDGE_CURVE ( 'NONE', #1130, #747, #1528, .T. ) ;
#679 = DIRECTION ( 'NONE',  ( -0.000000000000000000, -0.000000000000000000, 1.000000000000000000 ) ) ;
#680 = CARTESIAN_POINT ( 'NONE',  ( 5.250000000000000000, -4.500000000000000000, 3.000000000000000000 ) ) ;
#681 = ORIENTED_EDGE ( 'NONE', *, *, #1285, .T. ) ;
#682 = ORIENTED_EDGE ( 'NONE', *, *, #1578, .T. ) ;
#683 = CARTESIAN_POINT ( 'NONE',  ( 5.250000000000000000, -7.500000000000000000, 6.000000000000000000 ) ) ;
#684 = EDGE_CURVE ( 'NONE', #1294, #331, #276, .T. ) ;
#685 = CIRCLE ( 'NONE', #1144, 0.7999999999999987121 ) ;
#686 = DIRECTION ( 'NONE',  ( 0.000000000000000000, 0.000000000000000000, -1.000000000000000000 ) ) ;
#687 = CARTESIAN_POINT ( 'NONE',  ( -5.038819441731559934, 2.488819441731559667, 0.000000000000000000 ) ) ;
#688 = EDGE_CURVE ( 'NONE', #645, #1209, #108, .T. ) ;
#689 = ORIENTED_EDGE ( 'NONE', *, *, #24, .F. ) ;
#690 = VECTOR ( 'NONE', #435, 1000.000000000000000 ) ;
#691 = VERTEX_POINT ( 'NONE', #147 ) ;
#692 = SECURITY_CLASSIFICATION ( '', '', #75 ) ;
#693 = VECTOR ( 'NONE', #240, 1000.000000000000000 ) ;
#694 = CIRCLE ( 'NONE', #1421, 1.500000000000000000 ) ;
#695 = AXIS2_PLACEMENT_3D ( 'NONE', #1354, #656, #1068 ) ;
#696 = DIRECTION ( 'NONE',  ( -0.000000000000000000, -1.000000000000000000, -0.000000000000000000 ) ) ;
#697 = CARTESIAN_POINT ( 'NONE',  ( 2.000000000000000000, 28.10000000000000853, 1.500000000000000444 ) ) ;
#698 = LINE ( 'NONE', #393, #341 ) ;
#699 = EDGE_CURVE ( 'NONE', #1415, #1203, #1684, .T. ) ;
#700 = VECTOR ( 'NONE', #943, 1000.000000000000000 ) ;
#701 = ORIENTED_EDGE ( 'NONE', *, *, #1410, .T. ) ;
#702 = EDGE_CURVE ( 'NONE', #644, #1617, #1710, .T. ) ;
#703 = VERTEX_POINT ( 'NONE', #1674 ) ;
#704 = DIRECTION ( 'NONE',  ( -1.000000000000000000, -1.953337841463882217E-17, -0.000000000000000000 ) ) ;
#705 = ORIENTED_EDGE ( 'NONE', *, *, #1067, .T. ) ;
#706 = DIRECTION ( 'NONE',  ( 1.000000000000000000, 0.000000000000000000, 0.000000000000000000 ) ) ;
#707 = DIRECTION ( 'NONE',  ( 1.000000000000000000, 0.000000000000000000, 0.000000000000000000 ) ) ;
#708 = VERTEX_POINT ( 'NONE', #295 ) ;
#709 = DIRECTION ( 'NONE',  ( -0.7071067811865414665, 0.7071067811865536790, 0.000000000000000000 ) ) ;
#710 = ORIENTED_EDGE ( 'NONE', *, *, #1067, .F. ) ;
#711 = CARTESIAN_POINT ( 'NONE',  ( 0.000000000000000000, 0.000000000000000000, 0.5000000000000004441 ) ) ;
#712 = ORIENTED_EDGE ( 'NONE', *, *, #357, .F. ) ;
#713 = DIRECTION ( 'NONE',  ( 1.000000000000000000, 0.000000000000000000, 0.000000000000000000 ) ) ;
#714 = CYLINDRICAL_SURFACE ( 'NONE', #182, 1.249999999999992450 ) ;
#715 = EDGE_LOOP ( 'NONE', ( #6, #291, #1278, #1437, #250, #1256, #417, #1002, #1677, #259, #793, #555, #104, #198, #32, #1194, #368, #1463, #775, #300, #219, #999, #1288 ) ) ;
#716 = DIRECTION ( 'NONE',  ( 0.000000000000000000, 0.000000000000000000, -1.000000000000000000 ) ) ;
#717 = ORIENTED_EDGE ( 'NONE', *, *, #1177, .F. ) ;
#718 = ADVANCED_FACE ( 'NONE', ( #1271 ), #1010, .F. ) ;
#719 = CYLINDRICAL_SURFACE ( 'NONE', #574, 1.500000000000000444 ) ;
#720 = VECTOR ( 'NONE', #480, 1000.000000000000000 ) ;
#721 = LOCAL_TIME ( 19, 42, 33.00000000000000000, #1172 ) ;
#722 = ADVANCED_FACE ( 'NONE', ( #1803 ), #439, .T. ) ;
#723 = ORIENTED_EDGE ( 'NONE', *, *, #1400, .T. ) ;
#724 = DIRECTION ( 'NONE',  ( -1.000000000000000000, 0.000000000000000000, 0.000000000000000000 ) ) ;
#725 = CARTESIAN_POINT ( 'NONE',  ( 0.5000000000000013323, -7.500000000000000000, 0.000000000000000000 ) ) ;
#726 = ORIENTED_EDGE ( 'NONE', *, *, #24, .T. ) ;
#727 = CARTESIAN_POINT ( 'NONE',  ( -3.250000000000000444, 0.5000000000000004441, 0.000000000000000000 ) ) ;
#728 = ORIENTED_EDGE ( 'NONE', *, *, #449, .F. ) ;
#729 = CARTESIAN_POINT ( 'NONE',  ( -0.4999999999999993339, -1.949489742783177437, 6.000000000000000000 ) ) ;
#730 = ORIENTED_EDGE ( 'NONE', *, *, #1308, .F. ) ;
#731 = CARTESIAN_POINT ( 'NONE',  ( 0.000000000000000000, 0.5000000000000004441, 0.000000000000000000 ) ) ;
#732 = DIRECTION ( 'NONE',  ( -0.7071067811865475727, -0.7071067811865475727, -0.000000000000000000 ) ) ;
#733 = ADVANCED_FACE ( 'NONE', ( #430 ), #719, .F. ) ;
#734 = EDGE_LOOP ( 'NONE', ( #1163, #74, #1794, #852 ) ) ;
#735 = PLANE ( 'NONE',  #429 ) ;
#736 = ORIENTED_EDGE ( 'NONE', *, *, #1198, .T. ) ;
#737 = CARTESIAN_POINT ( 'NONE',  ( 0.000000000000000000, 0.5000000000000004441, 0.000000000000000000 ) ) ;
#738 = EDGE_CURVE ( 'NONE', #1487, #645, #753, .T. ) ;
#739 = AXIS2_PLACEMENT_3D ( 'NONE', #1268, #709, #4 ) ;
#740 = DIRECTION ( 'NONE',  ( -1.000000000000000000, 0.000000000000000000, 0.000000000000000000 ) ) ;
#741 = CARTESIAN_POINT ( 'NONE',  ( 0.000000000000000000, 0.000000000000000000, 6.000000000000000000 ) ) ;
#742 = EDGE_CURVE ( 'NONE', #554, #1501, #1568, .T. ) ;
#743 = VERTEX_POINT ( 'NONE', #155 ) ;
#744 = DIRECTION ( 'NONE',  ( -0.000000000000000000, -0.000000000000000000, 1.000000000000000000 ) ) ;
#745 = EDGE_CURVE ( 'NONE', #77, #549, #1694, .T. ) ;
#746 = AXIS2_PLACEMENT_3D ( 'NONE', #886, #1145, #859 ) ;
#747 = VERTEX_POINT ( 'NONE', #7 ) ;
#748 = FACE_OUTER_BOUND ( 'NONE', #1673, .T. ) ;
#749 = DIRECTION ( 'NONE',  ( -0.000000000000000000, 0.000000000000000000, 1.000000000000000000 ) ) ;
#750 = AXIS2_PLACEMENT_3D ( 'NONE', #1228, #1781, #534 ) ;
#751 = CARTESIAN_POINT ( 'NONE',  ( 0.5000000000000000000, 31.19999999999999929, 0.5000000000000004441 ) ) ;
#752 = CARTESIAN_POINT ( 'NONE',  ( 5.250000000000000000, 2.699999999999993960, 6.000000000000000000 ) ) ;
#753 = CIRCLE ( 'NONE', #815, 2.499999999999999556 ) ;
#754 = VECTOR ( 'NONE', #23, 1000.000000000000000 ) ;
#755 = ORIENTED_EDGE ( 'NONE', *, *, #71, .T. ) ;
#756 = DIRECTION ( 'NONE',  ( 0.000000000000000000, 0.000000000000000000, -1.000000000000000000 ) ) ;
#757 = VERTEX_POINT ( 'NONE', #1132 ) ;
#758 = EDGE_CURVE ( 'NONE', #160, #668, #1001, .T. ) ;
#759 = DIRECTION ( 'NONE',  ( 0.7071067811865445751, -0.7071067811865504593, -0.000000000000000000 ) ) ;
#760 = VECTOR ( 'NONE', #744, 1000.000000000000000 ) ;
#761 = DIRECTION ( 'NONE',  ( -1.000000000000000000, -2.679838257420009105E-16, 0.000000000000000000 ) ) ;
#762 = DIRECTION ( 'NONE',  ( -0.000000000000000000, -0.000000000000000000, 1.000000000000000000 ) ) ;
#763 = ORIENTED_EDGE ( 'NONE', *, *, #1532, .F. ) ;
#764 = CARTESIAN_POINT ( 'NONE',  ( -0.4999999999999995559, -5.860013524391642644E-17, 0.000000000000000000 ) ) ;
#765 = ORIENTED_EDGE ( 'NONE', *, *, #1101, .F. ) ;
#766 = APPLICATION_PROTOCOL_DEFINITION ( 'international standard', 'config_control_design', 1994, #625 ) ;
#767 = CARTESIAN_POINT ( 'NONE',  ( 0.8999999999999984679, 30.69999999999999929, 0.5000000000000004441 ) ) ;
#768 = EDGE_CURVE ( 'NONE', #1408, #266, #287, .T. ) ;
#769 = CYLINDRICAL_SURFACE ( 'NONE', #1649, 1.249999999999992450 ) ;
#770 = DIRECTION ( 'NONE',  ( -1.000000000000000000, -1.172002704878329515E-16, -0.000000000000000000 ) ) ;
#771 = CIRCLE ( 'NONE', #1690, 1.500000000000000000 ) ;
#772 = CARTESIAN_POINT ( 'NONE',  ( -2.000000000000000000, 9.000000000000000000, 0.5000000000000004441 ) ) ;
#773 = DIRECTION ( 'NONE',  ( 0.000000000000000000, 0.000000000000000000, -1.000000000000000000 ) ) ;
#774 = VERTEX_POINT ( 'NONE', #983 ) ;
#775 = ORIENTED_EDGE ( 'NONE', *, *, #777, .T. ) ;
#776 = LINE ( 'NONE', #343, #1668 ) ;
#777 = EDGE_CURVE ( 'NONE', #497, #1554, #980, .T. ) ;
#778 = CARTESIAN_POINT ( 'NONE',  ( -5.038819441731564375, -1.488819441731559001, 0.000000000000000000 ) ) ;
#779 = CARTESIAN_POINT ( 'NONE',  ( 3.500000000000000444, 9.000000000000000000, 1.500000000000000444 ) ) ;
#780 = EDGE_CURVE ( 'NONE', #46, #1006, #559, .T. ) ;
#781 = LINE ( 'NONE', #493, #159 ) ;
#782 = LINE ( 'NONE', #249, #700 ) ;
#783 = VECTOR ( 'NONE', #637, 1000.000000000000000 ) ;
#784 = VERTEX_POINT ( 'NONE', #1575 ) ;
#785 = COORDINATED_UNIVERSAL_TIME_OFFSET ( 8, 0, .AHEAD. ) ;
#786 = ORIENTED_EDGE ( 'NONE', *, *, #1657, .F. ) ;
#787 = DIRECTION ( 'NONE',  ( 1.000000000000000000, -0.000000000000000000, -0.000000000000000000 ) ) ;
#788 = VECTOR ( 'NONE', #926, 1000.000000000000000 ) ;
#789 = DIRECTION ( 'NONE',  ( 1.219148684000004408E-16, -1.000000000000000000, 0.000000000000000000 ) ) ;
#790 = LINE ( 'NONE', #1729, #1791 ) ;
#791 = DIRECTION ( 'NONE',  ( 0.000000000000000000, 0.000000000000000000, -1.000000000000000000 ) ) ;
#792 = CARTESIAN_POINT ( 'NONE',  ( 0.1499999999999997169, 31.58741196746493785, 0.5000000000000004441 ) ) ;
#793 = ORIENTED_EDGE ( 'NONE', *, *, #738, .T. ) ;
#794 = VERTEX_POINT ( 'NONE', #729 ) ;
#795 = DIRECTION ( 'NONE',  ( -0.000000000000000000, -1.000000000000000000, -0.000000000000000000 ) ) ;
#796 = VECTOR ( 'NONE', #1543, 1000.000000000000000 ) ;
#797 = PLANE ( 'NONE',  #1768 ) ;
#798 = CARTESIAN_POINT ( 'NONE',  ( -5.050000000000001599, -7.500000000000000000, 6.000000000000000000 ) ) ;
#799 = EDGE_CURVE ( 'NONE', #331, #1501, #1402, .T. ) ;
#800 = EDGE_LOOP ( 'NONE', ( #340, #1375, #1642, #929 ) ) ;
#801 = DIRECTION ( 'NONE',  ( -0.000000000000000000, -0.000000000000000000, -1.000000000000000000 ) ) ;
#802 = EDGE_CURVE ( 'NONE', #342, #296, #451, .T. ) ;
#803 = VERTEX_POINT ( 'NONE', #1020 ) ;
#804 = ADVANCED_BREP_SHAPE_REPRESENTATION ( '95.01.0652-OE-QD-08-ZA0537-A2旋转轴块（30.2中心距）', ( #894, #221 ), #814 ) ;
#805 = ADVANCED_FACE ( 'NONE', ( #1439 ), #183, .T. ) ;
#806 = ORIENTED_EDGE ( 'NONE', *, *, #768, .T. ) ;
#807 = DIRECTION ( 'NONE',  ( 1.000000000000000000, -0.000000000000000000, -0.000000000000000000 ) ) ;
#808 = VECTOR ( 'NONE', #1480, 1000.000000000000000 ) ;
#809 = LINE ( 'NONE', #972, #518 ) ;
#810 = CARTESIAN_POINT ( 'NONE',  ( 3.500000000000000444, 7.500000000000000000, 1.500000000000000444 ) ) ;
#811 = CARTESIAN_POINT ( 'NONE',  ( -5.250000000000000000, -1.699999999999993072, 6.000000000000000000 ) ) ;
#812 = VERTEX_POINT ( 'NONE', #1036 ) ;
#813 = VECTOR ( 'NONE', #1469, 1000.000000000000000 ) ;
#814 =( GEOMETRIC_REPRESENTATION_CONTEXT ( 3 ) GLOBAL_UNCERTAINTY_ASSIGNED_CONTEXT ( ( #969 ) ) GLOBAL_UNIT_ASSIGNED_CONTEXT ( ( #199, #1279, #438 ) ) REPRESENTATION_CONTEXT ( 'NONE', 'WORKASPACE' ) );
#815 = AXIS2_PLACEMENT_3D ( 'NONE', #737, #1123, #885 ) ;
#816 = ORIENTED_EDGE ( 'NONE', *, *, #1652, .T. ) ;
#817 = EDGE_CURVE ( 'NONE', #1149, #1525, #220, .T. ) ;
#818 = CARTESIAN_POINT ( 'NONE',  ( -5.050000000000001599, -7.500000000000000000, 6.000000000000000000 ) ) ;
#819 = CARTESIAN_POINT ( 'NONE',  ( 0.000000000000000000, 0.000000000000000000, 0.5000000000000004441 ) ) ;
#820 = DIRECTION ( 'NONE',  ( -0.000000000000000000, -0.000000000000000000, 1.000000000000000000 ) ) ;
#821 = DIRECTION ( 'NONE',  ( -1.000000000000000000, -1.734723475976807094E-15, -0.000000000000000000 ) ) ;
#822 = EDGE_LOOP ( 'NONE', ( #1031, #224, #441, #82 ) ) ;
#823 = ORIENTED_EDGE ( 'NONE', *, *, #699, .T. ) ;
#824 = PRODUCT_DEFINITION ( '未知', '', #255, #567 ) ;
#825 = FACE_OUTER_BOUND ( 'NONE', #1385, .T. ) ;
#826 = EDGE_CURVE ( 'NONE', #495, #668, #1619, .T. ) ;
#827 = FACE_OUTER_BOUND ( 'NONE', #172, .T. ) ;
#828 = FACE_OUTER_BOUND ( 'NONE', #862, .T. ) ;
#829 = ORIENTED_EDGE ( 'NONE', *, *, #142, .T. ) ;
#830 = VECTOR ( 'NONE', #372, 1000.000000000000000 ) ;
#831 = ORIENTED_EDGE ( 'NONE', *, *, #396, .T. ) ;
#832 = EDGE_CURVE ( 'NONE', #130, #1683, #1533, .T. ) ;
#833 = AXIS2_PLACEMENT_3D ( 'NONE', #324, #297, #289 ) ;
#834 = DIRECTION ( 'NONE',  ( -0.000000000000000000, 0.000000000000000000, 1.000000000000000000 ) ) ;
#835 = CARTESIAN_POINT ( 'NONE',  ( 5.250000000000000000, 2.699999999999993960, 0.000000000000000000 ) ) ;
#836 = EDGE_CURVE ( 'NONE', #871, #1801, #776, .T. ) ;
#837 = ORIENTED_EDGE ( 'NONE', *, *, #1089, .T. ) ;
#838 = VERTEX_POINT ( 'NONE', #1173 ) ;
#839 = CIRCLE ( 'NONE', #45, 0.7999999999999990452 ) ;
#840 = AXIS2_PLACEMENT_3D ( 'NONE', #1800, #563, #987 ) ;
#841 = DIRECTION ( 'NONE',  ( 0.000000000000000000, 0.000000000000000000, 1.000000000000000000 ) ) ;
#842 = LINE ( 'NONE', #1388, #1703 ) ;
#843 = CARTESIAN_POINT ( 'NONE',  ( -5.250000000000000000, -7.300000000000000711, 6.000000000000000000 ) ) ;
#844 = ORIENTED_EDGE ( 'NONE', *, *, #436, .F. ) ;
#845 = LINE ( 'NONE', #1774, #1754 ) ;
#846 = ORIENTED_EDGE ( 'NONE', *, *, #277, .T. ) ;
#847 = CARTESIAN_POINT ( 'NONE',  ( 0.000000000000000000, 0.000000000000000000, 0.000000000000000000 ) ) ;
#848 = ORIENTED_EDGE ( 'NONE', *, *, #1262, .F. ) ;
#849 = DIRECTION ( 'NONE',  ( 0.000000000000000000, 0.000000000000000000, -1.000000000000000000 ) ) ;
#850 = DIRECTION ( 'NONE',  ( -0.000000000000000000, -0.000000000000000000, 1.000000000000000000 ) ) ;
#851 = EDGE_CURVE ( 'NONE', #757, #1724, #333, .T. ) ;
#852 = ORIENTED_EDGE ( 'NONE', *, *, #1444, .T. ) ;
#853 = CARTESIAN_POINT ( 'NONE',  ( 0.1500000000000003275, 26.70000000000000995, 6.000000000000000000 ) ) ;
#854 = ORIENTED_EDGE ( 'NONE', *, *, #1308, .T. ) ;
#855 = EDGE_CURVE ( 'NONE', #1259, #1787, #839, .T. ) ;
#856 = CARTESIAN_POINT ( 'NONE',  ( 5.050000000000001599, 7.500000000000000000, 6.000000000000000000 ) ) ;
#857 = ORIENTED_EDGE ( 'NONE', *, *, #1519, .T. ) ;
#858 = AXIS2_PLACEMENT_3D ( 'NONE', #731, #1022, #713 ) ;
#859 = DIRECTION ( 'NONE',  ( 1.000000000000000000, 0.000000000000000000, 0.000000000000000000 ) ) ;
#860 = DIRECTION ( 'NONE',  ( -0.000000000000000000, -0.000000000000000000, -1.000000000000000000 ) ) ;
#861 = VECTOR ( 'NONE', #1783, 1000.000000000000000 ) ;
#862 = EDGE_LOOP ( 'NONE', ( #1171, #955, #1627, #1779 ) ) ;
#863 = DIRECTION ( 'NONE',  ( 0.7071067811865474617, -0.7071067811865474617, -0.000000000000000000 ) ) ;
#864 = ORIENTED_EDGE ( 'NONE', *, *, #1633, .F. ) ;
#865 = PERSON_AND_ORGANIZATION ( #1014, #1154 ) ;
#866 = ADVANCED_FACE ( 'NONE', ( #1166 ), #1464, .T. ) ;
#867 = DIRECTION ( 'NONE',  ( -0.7071067811865474617, 0.7071067811865474617, -0.000000000000000000 ) ) ;
#868 = VECTOR ( 'NONE', #1740, 1000.000000000000000 ) ;
#869 = CIRCLE ( 'NONE', #1158, 1.249999999999992450 ) ;
#870 = VECTOR ( 'NONE', #1230, 1000.000000000000000 ) ;
#871 = VERTEX_POINT ( 'NONE', #225 ) ;
#872 = CARTESIAN_POINT ( 'NONE',  ( 5.250000000000000000, 7.300000000000000711, 6.000000000000000000 ) ) ;
#873 = LINE ( 'NONE', #1274, #1565 ) ;
#874 = ORIENTED_EDGE ( 'NONE', *, *, #154, .F. ) ;
#875 = DIRECTION ( 'NONE',  ( 1.172002704878329515E-16, -1.000000000000000000, 0.000000000000000000 ) ) ;
#876 = ORIENTED_EDGE ( 'NONE', *, *, #1080, .F. ) ;
#877 = EDGE_CURVE ( 'NONE', #794, #911, #58, .T. ) ;
#878 = CARTESIAN_POINT ( 'NONE',  ( 0.000000000000000000, 26.70000000000000995, 1.500000000000000444 ) ) ;
#879 = CARTESIAN_POINT ( 'NONE',  ( 5.049999999999994493, -7.500000000000000000, 6.000000000000000000 ) ) ;
#880 = DIRECTION ( 'NONE',  ( 0.000000000000000000, 0.000000000000000000, -1.000000000000000000 ) ) ;
#881 = ADVANCED_FACE ( 'NONE', ( #624 ), #1195, .F. ) ;
#882 = EDGE_LOOP ( 'NONE', ( #1581, #1046 ) ) ;
#883 = CARTESIAN_POINT ( 'NONE',  ( -5.050000000000001599, -7.500000000000000000, 6.000000000000000000 ) ) ;
#884 = ORIENTED_EDGE ( 'NONE', *, *, #260, .F. ) ;
#885 = DIRECTION ( 'NONE',  ( 1.000000000000000000, 0.000000000000000000, 0.000000000000000000 ) ) ;
#886 = CARTESIAN_POINT ( 'NONE',  ( -0.5000000000000000000, 31.20000000000000284, 0.5000000000000004441 ) ) ;
#887 = DIRECTION ( 'NONE',  ( -1.000000000000000000, 0.000000000000000000, 0.000000000000000000 ) ) ;
#888 = EDGE_CURVE ( 'NONE', #587, #1634, #1446, .T. ) ;
#889 = ORIENTED_EDGE ( 'NONE', *, *, #1517, .T. ) ;
#890 = CARTESIAN_POINT ( 'NONE',  ( 0.1499999999999995781, 32.70000000000000995, 6.000000000000000000 ) ) ;
#891 = ORIENTED_EDGE ( 'NONE', *, *, #1330, .F. ) ;
#892 = CARTESIAN_POINT ( 'NONE',  ( 0.7999999999999990452, 25.20000000000000639, 6.000000000000000000 ) ) ;
#893 = DIRECTION ( 'NONE',  ( 0.000000000000000000, 1.000000000000000000, 0.000000000000000000 ) ) ;
#894 = MANIFOLD_SOLID_BREP ( '倒角1', #1789 ) ;
#895 = PLANE ( 'NONE',  #1091 ) ;
#896 = CARTESIAN_POINT ( 'NONE',  ( 0.1499999999999997169, 31.58741196746493785, 6.000000000000000000 ) ) ;
#897 = VECTOR ( 'NONE', #650, 1000.000000000000000 ) ;
#898 = ORIENTED_EDGE ( 'NONE', *, *, #684, .T. ) ;
#899 = FACE_OUTER_BOUND ( 'NONE', #1558, .T. ) ;
#900 = VECTOR ( 'NONE', #323, 1000.000000000000000 ) ;
#901 = ORIENTED_EDGE ( 'NONE', *, *, #1702, .F. ) ;
#902 = LINE ( 'NONE', #1141, #605 ) ;
#903 = ORIENTED_EDGE ( 'NONE', *, *, #944, .T. ) ;
#904 = CARTESIAN_POINT ( 'NONE',  ( -0.4999999999999987232, -4.500000000000000000, 1.750000000000007550 ) ) ;
#905 = DIRECTION ( 'NONE',  ( 0.000000000000000000, -0.000000000000000000, -1.000000000000000000 ) ) ;
#906 = FACE_OUTER_BOUND ( 'NONE', #1681, .T. ) ;
#907 = VERTEX_POINT ( 'NONE', #904 ) ;
#908 = DIRECTION ( 'NONE',  ( 0.000000000000000000, 0.000000000000000000, -1.000000000000000000 ) ) ;
#909 = EDGE_CURVE ( 'NONE', #148, #565, #1610, .T. ) ;
#910 = ORIENTED_EDGE ( 'NONE', *, *, #89, .T. ) ;
#911 = VERTEX_POINT ( 'NONE', #1745 ) ;
#912 = EDGE_CURVE ( 'NONE', #838, #1631, #1204, .T. ) ;
#913 = DIRECTION ( 'NONE',  ( -0.000000000000000000, -0.000000000000000000, 1.000000000000000000 ) ) ;
#914 = DIRECTION ( 'NONE',  ( 0.000000000000000000, -0.000000000000000000, 1.000000000000000000 ) ) ;
#915 = PLANE ( 'NONE',  #1011 ) ;
#916 = DIRECTION ( 'NONE',  ( 1.000000000000000000, 0.000000000000000000, 0.000000000000000000 ) ) ;
#917 = CARTESIAN_POINT ( 'NONE',  ( 2.000000000000000000, 7.499999999999998224, 0.5000000000000004441 ) ) ;
#918 = ORIENTED_EDGE ( 'NONE', *, *, #586, .F. ) ;
#919 = VERTEX_POINT ( 'NONE', #767 ) ;
#920 = CARTESIAN_POINT ( 'NONE',  ( 5.250000000000001776, -4.500000000000000000, 3.000000000000000000 ) ) ;
#921 = DIRECTION ( 'NONE',  ( 1.218108298827276911E-16, -1.000000000000000000, 0.000000000000000000 ) ) ;
#922 = LINE ( 'NONE', #1027, #1417 ) ;
#923 = VECTOR ( 'NONE', #299, 1000.000000000000000 ) ;
#924 = DIRECTION ( 'NONE',  ( 0.000000000000000000, 0.000000000000000000, -1.000000000000000000 ) ) ;
#925 = APPROVAL_PERSON_ORGANIZATION ( #95, #571, #103 ) ;
#926 = DIRECTION ( 'NONE',  ( 0.000000000000000000, 1.000000000000000000, 0.000000000000000000 ) ) ;
#927 = AXIS2_PLACEMENT_3D ( 'NONE', #1, #258, #135 ) ;
#928 = ORIENTED_EDGE ( 'NONE', *, *, #1765, .F. ) ;
#929 = ORIENTED_EDGE ( 'NONE', *, *, #128, .T. ) ;
#930 = LINE ( 'NONE', #490, #1465 ) ;
#931 = CIRCLE ( 'NONE', #51, 1.249999999999997558 ) ;
#932 = EDGE_CURVE ( 'NONE', #1431, #1128, #507, .T. ) ;
#933 = CARTESIAN_POINT ( 'NONE',  ( -0.1499999999999962474, -1.828723025999960883E-17, 6.000000000000000000 ) ) ;
#934 = FACE_OUTER_BOUND ( 'NONE', #1455, .T. ) ;
#935 = CARTESIAN_POINT ( 'NONE',  ( 0.000000000000000000, 0.5000000000000004441, 0.000000000000000000 ) ) ;
#936 = CARTESIAN_POINT ( 'NONE',  ( 5.038819441731564375, 2.488819441731560111, 0.000000000000000000 ) ) ;
#937 = EDGE_CURVE ( 'NONE', #1006, #1201, #930, .T. ) ;
#938 = ORIENTED_EDGE ( 'NONE', *, *, #1680, .F. ) ;
#939 = ORIENTED_EDGE ( 'NONE', *, *, #396, .F. ) ;
#940 = CARTESIAN_POINT ( 'NONE',  ( -3.500000000000000000, 9.000000000000000000, 6.000000000000000000 ) ) ;
#941 = CARTESIAN_POINT ( 'NONE',  ( -2.000000000000000000, 7.500000000000000000, 6.000000000000000000 ) ) ;
#942 = CARTESIAN_POINT ( 'NONE',  ( -5.250000000000000000, -7.500000000000000000, 6.000000000000000000 ) ) ;
#943 = DIRECTION ( 'NONE',  ( -0.000000000000000000, -0.000000000000000000, 1.000000000000000000 ) ) ;
#944 = EDGE_CURVE ( 'NONE', #235, #1587, #50, .T. ) ;
#945 = EDGE_LOOP ( 'NONE', ( #681, #420, #1564, #1361, #1114, #1367 ) ) ;
#946 = DATE_TIME_ROLE ( 'classification_date' ) ;
#947 = VERTEX_POINT ( 'NONE', #1312 ) ;
#948 = FACE_OUTER_BOUND ( 'NONE', #388, .T. ) ;
#949 = VECTOR ( 'NONE', #994, 1000.000000000000000 ) ;
#950 = CARTESIAN_POINT ( 'NONE',  ( -5.250000000000000000, -7.500000000000000000, 6.000000000000000000 ) ) ;
#951 = PLANE ( 'NONE',  #1392 ) ;
#952 = LINE ( 'NONE', #150, #1192 ) ;
#953 = ORIENTED_EDGE ( 'NONE', *, *, #1189, .F. ) ;
#954 = VECTOR ( 'NONE', #1337, 1000.000000000000000 ) ;
#955 = ORIENTED_EDGE ( 'NONE', *, *, #777, .F. ) ;
#956 = EDGE_CURVE ( 'NONE', #102, #170, #471, .T. ) ;
#957 = PRODUCT ( '95.01.0652-OE-QD-08-ZA0537-A2旋转轴块（30.2中心距）', '95.01.0652-OE-QD-08-ZA0537-A2旋转轴块（30.2中心距）', '', ( #1000 ) ) ;
#958 = CARTESIAN_POINT ( 'NONE',  ( -0.1499999999999994948, 26.70000000000000995, 0.000000000000000000 ) ) ;
#959 = DIRECTION ( 'NONE',  ( 1.000000000000000000, 0.000000000000000000, 0.000000000000000000 ) ) ;
#960 = CARTESIAN_POINT ( 'NONE',  ( 0.000000000000000000, 0.5000000000000004441, 6.000000000000000000 ) ) ;
#961 = ORIENTED_EDGE ( 'NONE', *, *, #1009, .T. ) ;
#962 = EDGE_CURVE ( 'NONE', #43, #148, #635, .T. ) ;
#963 = ORIENTED_EDGE ( 'NONE', *, *, #1177, .T. ) ;
#964 = ADVANCED_FACE ( 'NONE', ( #1671 ), #1260, .F. ) ;
#965 = LINE ( 'NONE', #1520, #1336 ) ;
#966 = DIRECTION ( 'NONE',  ( -0.000000000000000000, -0.000000000000000000, -1.000000000000000000 ) ) ;
#967 = DIRECTION ( 'NONE',  ( -0.000000000000000000, 0.000000000000000000, 1.000000000000000000 ) ) ;
#968 = ORIENTED_EDGE ( 'NONE', *, *, #146, .T. ) ;
#969 = UNCERTAINTY_MEASURE_WITH_UNIT (LENGTH_MEASURE( 1.000000000000000082E-05 ), #199, 'distance_accuracy_value', 'NONE');
#970 = VECTOR ( 'NONE', #1093, 1000.000000000000000 ) ;
#971 = ORIENTED_EDGE ( 'NONE', *, *, #738, .F. ) ;
#972 = CARTESIAN_POINT ( 'NONE',  ( 5.250000000000000000, -7.500000000000000000, 6.000000000000000000 ) ) ;
#973 = CC_DESIGN_DATE_AND_TIME_ASSIGNMENT ( #1574, #49, ( #824 ) ) ;
#974 = DIRECTION ( 'NONE',  ( 1.000000000000000000, 0.000000000000000000, 0.000000000000000000 ) ) ;
#975 = DIRECTION ( 'NONE',  ( -0.000000000000000000, -0.000000000000000000, 1.000000000000000000 ) ) ;
#976 = VERTEX_POINT ( 'NONE', #1407 ) ;
#977 = CARTESIAN_POINT ( 'NONE',  ( -5.250000000000000000, 7.299999999999997158, 0.000000000000000000 ) ) ;
#978 = AXIS2_PLACEMENT_3D ( 'NONE', #237, #1628, #1496 ) ;
#979 = ORIENTED_EDGE ( 'NONE', *, *, #1598, .F. ) ;
#980 = CIRCLE ( 'NONE', #421, 2.000000000000000000 ) ;
#981 = EDGE_CURVE ( 'NONE', #1683, #1525, #398, .T. ) ;
#982 = AXIS2_PLACEMENT_3D ( 'NONE', #683, #1238, #841 ) ;
#983 = CARTESIAN_POINT ( 'NONE',  ( 5.250000000000000000, 7.300000000000000711, 0.000000000000000000 ) ) ;
#984 = EDGE_CURVE ( 'NONE', #1092, #1431, #292, .T. ) ;
#985 = EDGE_LOOP ( 'NONE', ( #1033, #831, #477, #1276 ) ) ;
#986 = DIRECTION ( 'NONE',  ( 0.7071067811865489050, -0.7071067811865460184, -0.000000000000000000 ) ) ;
#987 = DIRECTION ( 'NONE',  ( 0.000000000000000000, -0.000000000000000000, 1.000000000000000000 ) ) ;
#988 = EDGE_CURVE ( 'NONE', #296, #102, #1222, .T. ) ;
#989 = ORIENTED_EDGE ( 'NONE', *, *, #1101, .T. ) ;
#990 = LINE ( 'NONE', #106, #601 ) ;
#991 = ORIENTED_EDGE ( 'NONE', *, *, #174, .F. ) ;
#992 = CARTESIAN_POINT ( 'NONE',  ( -5.250000000000000000, -7.500000000000000000, 6.000000000000000000 ) ) ;
#993 = VERTEX_POINT ( 'NONE', #977 ) ;
#994 = DIRECTION ( 'NONE',  ( 0.000000000000000000, 0.000000000000000000, 1.000000000000000000 ) ) ;
#995 = LINE ( 'NONE', #298, #754 ) ;
#996 = EDGE_LOOP ( 'NONE', ( #437, #336, #475, #1526 ) ) ;
#997 = CARTESIAN_POINT ( 'NONE',  ( -2.000000000000000000, 31.20000000000000284, 0.5000000000000004441 ) ) ;
#998 = EDGE_CURVE ( 'NONE', #1801, #46, #1636, .T. ) ;
#999 = ORIENTED_EDGE ( 'NONE', *, *, #67, .F. ) ;
#1000 = MECHANICAL_CONTEXT ( 'NONE', #1693, 'mechanical' ) ;
#1001 = LINE ( 'NONE', #600, #1157 ) ;
#1002 = ORIENTED_EDGE ( 'NONE', *, *, #745, .T. ) ;
#1003 = DIRECTION ( 'NONE',  ( 0.000000000000000000, 0.000000000000000000, 1.000000000000000000 ) ) ;
#1004 = CARTESIAN_POINT ( 'NONE',  ( 5.049999999999998046, 7.500000000000000000, 6.000000000000000000 ) ) ;
#1005 = CIRCLE ( 'NONE', #1293, 1.249999999999997558 ) ;
#1006 = VERTEX_POINT ( 'NONE', #1085 ) ;
#1007 = PLANE ( 'NONE',  #1771 ) ;
#1008 = ORIENTED_EDGE ( 'NONE', *, *, #254, .F. ) ;
#1009 = EDGE_CURVE ( 'NONE', #691, #1403, #845, .T. ) ;
#1010 = CYLINDRICAL_SURFACE ( 'NONE', #1566, 0.7999999999999987121 ) ;
#1011 = AXIS2_PLACEMENT_3D ( 'NONE', #1756, #482, #1355 ) ;
#1012 = DIRECTION ( 'NONE',  ( 1.953337841463882217E-17, -1.000000000000000000, 0.000000000000000000 ) ) ;
#1013 = DIRECTION ( 'NONE',  ( 1.263148162119033885E-16, 1.000000000000000000, -0.000000000000000000 ) ) ;
#1014 = PERSON ( '未指定', '未指定', '未指定', ('未指定'), ('未指定'), ('未指定') ) ;
#1015 = ORIENTED_EDGE ( 'NONE', *, *, #1675, .F. ) ;
#1016 = DIRECTION ( 'NONE',  ( 0.7071067811865414665, -0.7071067811865536790, 0.000000000000000000 ) ) ;
#1017 = ORIENTED_EDGE ( 'NONE', *, *, #1053, .T. ) ;
#1018 = EDGE_CURVE ( 'NONE', #1130, #1092, #427, .T. ) ;
#1019 = CALENDAR_DATE ( 2026, 24, 6 ) ;
#1020 = CARTESIAN_POINT ( 'NONE',  ( -2.000000000000000000, 9.000000000000001776, 1.500000000000000444 ) ) ;
#1021 = EDGE_CURVE ( 'NONE', #668, #691, #771, .T. ) ;
#1022 = DIRECTION ( 'NONE',  ( -0.000000000000000000, 0.000000000000000000, 1.000000000000000000 ) ) ;
#1023 = CARTESIAN_POINT ( 'NONE',  ( 0.000000000000000000, 0.000000000000000000, 1.500000000000000444 ) ) ;
#1024 = ORIENTED_EDGE ( 'NONE', *, *, #932, .T. ) ;
#1025 = DIRECTION ( 'NONE',  ( 1.306230732857147598E-16, -1.000000000000000000, 0.000000000000000000 ) ) ;
#1026 = VERTEX_POINT ( 'NONE', #663 ) ;
#1027 = CARTESIAN_POINT ( 'NONE',  ( -0.4999999999999990563, -7.500000000000000000, 0.000000000000000000 ) ) ;
#1028 = CARTESIAN_POINT ( 'NONE',  ( -5.250000000000000000, 2.700000000000001954, 6.000000000000000000 ) ) ;
#1029 = LINE ( 'NONE', #508, #5 ) ;
#1030 = DIRECTION ( 'NONE',  ( 0.000000000000000000, -0.000000000000000000, -1.000000000000000000 ) ) ;
#1031 = ORIENTED_EDGE ( 'NONE', *, *, #998, .F. ) ;
#1032 = DIRECTION ( 'NONE',  ( -1.000000000000000000, -0.000000000000000000, -0.000000000000000000 ) ) ;
#1033 = ORIENTED_EDGE ( 'NONE', *, *, #67, .T. ) ;
#1034 = CARTESIAN_POINT ( 'NONE',  ( -0.5000000000000026645, 32.70000000000000284, 0.5000000000000004441 ) ) ;
#1035 = ORIENTED_EDGE ( 'NONE', *, *, #799, .T. ) ;
#1036 = CARTESIAN_POINT ( 'NONE',  ( -3.250000000000000444, 0.5000000000000004441, 6.000000000000000000 ) ) ;
#1037 = CIRCLE ( 'NONE', #1269, 1.500000000000000000 ) ;
#1038 = DIRECTION ( 'NONE',  ( 1.000000000000000000, 8.673617379884035472E-16, 0.000000000000000000 ) ) ;
#1039 = CARTESIAN_POINT ( 'NONE',  ( 0.5000000000000012212, 9.766689207319434195E-18, 0.000000000000000000 ) ) ;
#1040 = EDGE_CURVE ( 'NONE', #1349, #587, #990, .T. ) ;
#1041 = ORIENTED_EDGE ( 'NONE', *, *, #702, .T. ) ;
#1042 = CARTESIAN_POINT ( 'NONE',  ( -0.1500000000000001055, 31.58741196746493785, 0.5000000000000004441 ) ) ;
#1043 = EDGE_CURVE ( 'NONE', #747, #1662, #1530, .T. ) ;
#1044 = ORIENTED_EDGE ( 'NONE', *, *, #981, .F. ) ;
#1045 = APPROVAL_STATUS ( 'not_yet_approved' ) ;
#1046 = ORIENTED_EDGE ( 'NONE', *, *, #1098, .F. ) ;
#1047 = CARTESIAN_POINT ( 'NONE',  ( -0.1499999999999916400, -4.019757386129789325E-17, 6.000000000000000000 ) ) ;
#1048 = FACE_OUTER_BOUND ( 'NONE', #1733, .T. ) ;
#1049 = LINE ( 'NONE', #798, #1767 ) ;
#1050 = CARTESIAN_POINT ( 'NONE',  ( 5.250000000000000000, -7.500000000000000000, 0.000000000000000000 ) ) ;
#1051 = CARTESIAN_POINT ( 'NONE',  ( 0.1500000000000035749, 1.827162448240958692E-17, 0.5000000000000004441 ) ) ;
#1052 = ORIENTED_EDGE ( 'NONE', *, *, #1021, .F. ) ;
#1053 = EDGE_CURVE ( 'NONE', #428, #907, #1370, .T. ) ;
#1054 = ORIENTED_EDGE ( 'NONE', *, *, #424, .T. ) ;
#1055 = DIRECTION ( 'NONE',  ( -1.000000000000000000, -1.734723475976807094E-15, -0.000000000000000000 ) ) ;
#1056 = CARTESIAN_POINT ( 'NONE',  ( 0.000000000000000000, 30.69999999999999929, 0.000000000000000000 ) ) ;
#1057 = DIRECTION ( 'NONE',  ( -1.306230732857147598E-16, 1.000000000000000000, 0.000000000000000000 ) ) ;
#1058 = VECTOR ( 'NONE', #1753, 1000.000000000000000 ) ;
#1059 = LINE ( 'NONE', #1614, #897 ) ;
#1060 = CARTESIAN_POINT ( 'NONE',  ( -0.7999999999999990452, 25.20000000000000639, 6.000000000000000000 ) ) ;
#1061 = ADVANCED_FACE ( 'NONE', ( #948 ), #1399, .F. ) ;
#1062 = EDGE_LOOP ( 'NONE', ( #726, #857, #1054, #1219, #1541, #1221 ) ) ;
#1063 = EDGE_CURVE ( 'NONE', #1092, #1634, #1240, .T. ) ;
#1064 = VECTOR ( 'NONE', #52, 1000.000000000000000 ) ;
#1065 = ORIENTED_EDGE ( 'NONE', *, *, #1378, .F. ) ;
#1066 = CARTESIAN_POINT ( 'NONE',  ( 0.000000000000000000, 30.69999999999999929, 6.000000000000000000 ) ) ;
#1067 = EDGE_CURVE ( 'NONE', #1525, #1149, #1475, .T. ) ;
#1068 = DIRECTION ( 'NONE',  ( 1.000000000000000000, 0.000000000000000000, 0.000000000000000000 ) ) ;
#1069 = CARTESIAN_POINT ( 'NONE',  ( 5.038819441731558157, -1.488819441731558557, 0.000000000000000000 ) ) ;
#1070 = AXIS2_PLACEMENT_3D ( 'NONE', #818, #253, #1078 ) ;
#1071 = VERTEX_POINT ( 'NONE', #853 ) ;
#1072 = VECTOR ( 'NONE', #1298, 1000.000000000000000 ) ;
#1073 = LINE ( 'NONE', #1051, #1110 ) ;
#1074 = AXIS2_PLACEMENT_3D ( 'NONE', #942, #501, #924 ) ;
#1075 = AXIS2_PLACEMENT_3D ( 'NONE', #1023, #1687, #158 ) ;
#1076 = VERTEX_POINT ( 'NONE', #579 ) ;
#1077 = ORIENTED_EDGE ( 'NONE', *, *, #394, .T. ) ;
#1078 = DIRECTION ( 'NONE',  ( 0.000000000000000000, 0.000000000000000000, -1.000000000000000000 ) ) ;
#1079 = CARTESIAN_POINT ( 'NONE',  ( 2.499999999999999556, 0.5000000000000004441, 0.000000000000000000 ) ) ;
#1080 = EDGE_CURVE ( 'NONE', #63, #1349, #367, .T. ) ;
#1081 = ORIENTED_EDGE ( 'NONE', *, *, #449, .T. ) ;
#1082 = DIRECTION ( 'NONE',  ( -1.218108298827276911E-16, 1.000000000000000000, 0.000000000000000000 ) ) ;
#1083 = EDGE_LOOP ( 'NONE', ( #19, #1579, #1052, #1253 ) ) ;
#1084 = ORIENTED_EDGE ( 'NONE', *, *, #688, .F. ) ;
#1085 = CARTESIAN_POINT ( 'NONE',  ( 5.250000000000000000, -1.699999999999999289, 6.000000000000000000 ) ) ;
#1086 = DIRECTION ( 'NONE',  ( 1.000000000000000000, 0.000000000000000000, 0.000000000000000000 ) ) ;
#1087 = CARTESIAN_POINT ( 'NONE',  ( 0.000000000000000000, 30.69999999999999929, 0.5000000000000004441 ) ) ;
#1088 = FACE_OUTER_BOUND ( 'NONE', #288, .T. ) ;
#1089 = EDGE_CURVE ( 'NONE', #653, #1329, #144, .T. ) ;
#1090 = ORIENTED_EDGE ( 'NONE', *, *, #670, .F. ) ;
#1091 = AXIS2_PLACEMENT_3D ( 'NONE', #1467, #1584, #921 ) ;
#1092 = VERTEX_POINT ( 'NONE', #997 ) ;
#1093 = DIRECTION ( 'NONE',  ( -0.000000000000000000, -0.000000000000000000, -1.000000000000000000 ) ) ;
#1094 = VECTOR ( 'NONE', #686, 1000.000000000000000 ) ;
#1095 = FACE_BOUND ( 'NONE', #426, .T. ) ;
#1096 = DIRECTION ( 'NONE',  ( 0.000000000000000000, 0.000000000000000000, -1.000000000000000000 ) ) ;
#1097 = DIRECTION ( 'NONE',  ( 1.000000000000000000, -0.000000000000000000, -0.000000000000000000 ) ) ;
#1098 = EDGE_CURVE ( 'NONE', #25, #1264, #41, .T. ) ;
#1099 = ORIENTED_EDGE ( 'NONE', *, *, #855, .T. ) ;
#1100 = AXIS2_PLACEMENT_3D ( 'NONE', #779, #60, #1747 ) ;
#1101 = EDGE_CURVE ( 'NONE', #1662, #342, #1764, .T. ) ;
#1102 = CIRCLE ( 'NONE', #643, 2.000000000000000000 ) ;
#1103 = ORIENTED_EDGE ( 'NONE', *, *, #1198, .F. ) ;
#1104 = CARTESIAN_POINT ( 'NONE',  ( 0.8999999999999984679, 30.69999999999999929, 6.000000000000000000 ) ) ;
#1105 = CARTESIAN_POINT ( 'NONE',  ( 2.000000000000000000, 28.10000000000000853, 1.500000000000000444 ) ) ;
#1106 = CARTESIAN_POINT ( 'NONE',  ( 0.5000000000000012212, -1.949489742783177437, 0.000000000000000000 ) ) ;
#1107 = ORIENTED_EDGE ( 'NONE', *, *, #1454, .F. ) ;
#1108 = ORIENTED_EDGE ( 'NONE', *, *, #855, .F. ) ;
#1109 = DIRECTION ( 'NONE',  ( 0.000000000000000000, -1.000000000000000000, 0.000000000000000000 ) ) ;
#1110 = VECTOR ( 'NONE', #1082, 1000.000000000000000 ) ;
#1111 = CARTESIAN_POINT ( 'NONE',  ( 0.5000000000000013323, -4.500000000000000000, 4.249999999999992895 ) ) ;
#1112 = DIRECTION ( 'NONE',  ( 1.000000000000000000, -0.000000000000000000, -0.000000000000000000 ) ) ;
#1113 = ORIENTED_EDGE ( 'NONE', *, *, #1659, .T. ) ;
#1114 = ORIENTED_EDGE ( 'NONE', *, *, #1793, .F. ) ;
#1115 = DIRECTION ( 'NONE',  ( 1.000000000000000000, 0.000000000000000000, 0.000000000000000000 ) ) ;
#1116 = ADVANCED_FACE ( 'NONE', ( #1295, #899 ), #588, .F. ) ;
#1117 = ORIENTED_EDGE ( 'NONE', *, *, #48, .T. ) ;
#1118 = DIRECTION ( 'NONE',  ( -1.000000000000000000, 1.156482317317871331E-15, 0.000000000000000000 ) ) ;
#1119 = CARTESIAN_POINT ( 'NONE',  ( -2.000000000000000000, 32.70000000000000284, 6.000000000000000000 ) ) ;
#1120 = ORIENTED_EDGE ( 'NONE', *, *, #1040, .F. ) ;
#1121 = DIRECTION ( 'NONE',  ( -0.000000000000000000, -0.000000000000000000, -1.000000000000000000 ) ) ;
#1122 = ORIENTED_EDGE ( 'NONE', *, *, #349, .F. ) ;
#1123 = DIRECTION ( 'NONE',  ( -0.000000000000000000, 0.000000000000000000, 1.000000000000000000 ) ) ;
#1124 = ORIENTED_EDGE ( 'NONE', *, *, #1053, .F. ) ;
#1125 = DIRECTION ( 'NONE',  ( -0.000000000000000000, -0.000000000000000000, 1.000000000000000000 ) ) ;
#1126 = CARTESIAN_POINT ( 'NONE',  ( -0.4999999999999987232, -4.500000000000000000, 3.000000000000000000 ) ) ;
#1127 = EDGE_CURVE ( 'NONE', #46, #77, #1443, .T. ) ;
#1128 = VERTEX_POINT ( 'NONE', #596 ) ;
#1129 = CARTESIAN_POINT ( 'NONE',  ( -2.000000000000000000, 7.500000000000000000, 0.5000000000000004441 ) ) ;
#1130 = VERTEX_POINT ( 'NONE', #1137 ) ;
#1131 = PERSON_AND_ORGANIZATION ( #1014, #1154 ) ;
#1132 = CARTESIAN_POINT ( 'NONE',  ( -5.038819441731559934, 2.488819441731559667, 0.000000000000000000 ) ) ;
#1133 = ORIENTED_EDGE ( 'NONE', *, *, #283, .T. ) ;
#1134 = CARTESIAN_POINT ( 'NONE',  ( 2.000000000000000000, 28.10000000000000853, 0.5000000000000004441 ) ) ;
#1135 = FACE_OUTER_BOUND ( 'NONE', #405, .T. ) ;
#1136 = EDGE_LOOP ( 'NONE', ( #510, #1041, #96, #516, #1296, #1606, #1518, #1117, #874, #1107, #371, #1180, #410, #1369, #1688, #755, #56, #524, #1151, #989, #294, #1548, #1663, #460, #918, #100, #1270, #963, #513, #1656, #381, #389, #1762, #580, #385, #397, #608, #532, #829, #504 ) ) ;
#1137 = CARTESIAN_POINT ( 'NONE',  ( -2.000000000000000000, 31.20000000000000284, 6.000000000000000000 ) ) ;
#1138 = ADVANCED_FACE ( 'NONE', ( #187 ), #196, .F. ) ;
#1139 = ORIENTED_EDGE ( 'NONE', *, *, #836, .F. ) ;
#1140 = VECTOR ( 'NONE', #759, 1000.000000000000000 ) ;
#1141 = CARTESIAN_POINT ( 'NONE',  ( 2.000000000000000000, 28.10000000000000853, 1.500000000000000444 ) ) ;
#1142 = DIRECTION ( 'NONE',  ( 0.000000000000000000, 0.000000000000000000, 1.000000000000000000 ) ) ;
#1143 = VERTEX_POINT ( 'NONE', #1562 ) ;
#1144 = AXIS2_PLACEMENT_3D ( 'NONE', #1413, #442, #724 ) ;
#1145 = DIRECTION ( 'NONE',  ( 0.000000000000000000, 0.000000000000000000, 1.000000000000000000 ) ) ;
#1146 = DIRECTION ( 'NONE',  ( -0.000000000000000000, -0.000000000000000000, 1.000000000000000000 ) ) ;
#1147 = CIRCLE ( 'NONE', #362, 0.8999999999999984679 ) ;
#1148 = EDGE_CURVE ( 'NONE', #1282, #1589, #1436, .T. ) ;
#1149 = VERTEX_POINT ( 'NONE', #630 ) ;
#1150 = FACE_OUTER_BOUND ( 'NONE', #309, .T. ) ;
#1151 = ORIENTED_EDGE ( 'NONE', *, *, #1043, .T. ) ;
#1152 = ADVANCED_FACE ( 'NONE', ( #1150 ), #1689, .T. ) ;
#1153 = DATE_AND_TIME ( #37, #1365 ) ;
#1154 = ORGANIZATION ( '未指定', '未指定', '' ) ;
#1155 = CARTESIAN_POINT ( 'NONE',  ( -5.250000000000000000, 7.299999999999997158, 6.000000000000000000 ) ) ;
#1156 = AXIS2_PLACEMENT_3D ( 'NONE', #545, #834, #264 ) ;
#1157 = VECTOR ( 'NONE', #1539, 1000.000000000000000 ) ;
#1158 = AXIS2_PLACEMENT_3D ( 'NONE', #1126, #53, #335 ) ;
#1159 = DIRECTION ( 'NONE',  ( 0.000000000000000000, 0.000000000000000000, -1.000000000000000000 ) ) ;
#1160 = CARTESIAN_POINT ( 'NONE',  ( 2.000000000000000000, 28.10000000000000853, 1.500000000000000444 ) ) ;
#1161 = ORIENTED_EDGE ( 'NONE', *, *, #1368, .T. ) ;
#1162 = DIRECTION ( 'NONE',  ( 1.000000000000000000, -0.000000000000000000, -0.000000000000000000 ) ) ;
#1163 = ORIENTED_EDGE ( 'NONE', *, *, #912, .F. ) ;
#1164 = VECTOR ( 'NONE', #1277, 1000.000000000000000 ) ;
#1165 = APPROVAL_STATUS ( 'not_yet_approved' ) ;
#1166 = FACE_OUTER_BOUND ( 'NONE', #1083, .T. ) ;
#1167 = CARTESIAN_POINT ( 'NONE',  ( -5.250000000000000000, -4.500000000000000000, 3.000000000000000000 ) ) ;
#1168 = DIRECTION ( 'NONE',  ( 1.000000000000000000, -0.000000000000000000, -0.000000000000000000 ) ) ;
#1169 = ORIENTED_EDGE ( 'NONE', *, *, #1785, .T. ) ;
#1170 = CARTESIAN_POINT ( 'NONE',  ( 0.1500000000000038247, 1.959346099285771378E-17, 0.000000000000000000 ) ) ;
#1171 = ORIENTED_EDGE ( 'NONE', *, *, #1233, .F. ) ;
#1172 = COORDINATED_UNIVERSAL_TIME_OFFSET ( 8, 0, .AHEAD. ) ;
#1173 = CARTESIAN_POINT ( 'NONE',  ( -2.499999999999999556, 0.5000000000000007772, 0.000000000000000000 ) ) ;
#1174 = EDGE_CURVE ( 'NONE', #29, #871, #1580, .T. ) ;
#1175 = FACE_OUTER_BOUND ( 'NONE', #1236, .T. ) ;
#1176 = DIRECTION ( 'NONE',  ( 0.000000000000000000, 0.000000000000000000, 1.000000000000000000 ) ) ;
#1177 = EDGE_CURVE ( 'NONE', #1501, #122, #1316, .T. ) ;
#1178 = CARTESIAN_POINT ( 'NONE',  ( -2.000000000000000000, 32.70000000000000284, 0.5000000000000004441 ) ) ;
#1179 = CARTESIAN_POINT ( 'NONE',  ( 0.8999999999999984679, 30.69999999999999929, 0.000000000000000000 ) ) ;
#1180 = ORIENTED_EDGE ( 'NONE', *, *, #1466, .F. ) ;
#1181 = PERSON_AND_ORGANIZATION ( #1014, #1154 ) ;
#1182 = ORIENTED_EDGE ( 'NONE', *, *, #1254, .T. ) ;
#1183 = DIRECTION ( 'NONE',  ( -1.000000000000000000, -1.953337841463882217E-17, -0.000000000000000000 ) ) ;
#1184 = VECTOR ( 'NONE', #322, 1000.000000000000000 ) ;
#1185 = VECTOR ( 'NONE', #365, 1000.000000000000000 ) ;
#1186 = PLANE ( 'NONE',  #564 ) ;
#1187 = LINE ( 'NONE', #99, #542 ) ;
#1188 = AXIS2_PLACEMENT_3D ( 'NONE', #193, #762, #473 ) ;
#1189 = EDGE_CURVE ( 'NONE', #653, #331, #62, .T. ) ;
#1190 = CARTESIAN_POINT ( 'NONE',  ( -0.1499999999999962474, -1.828723025999960883E-17, 0.5000000000000004441 ) ) ;
#1191 = DIRECTION ( 'NONE',  ( -0.000000000000000000, 0.000000000000000000, 1.000000000000000000 ) ) ;
#1192 = VECTOR ( 'NONE', #707, 1000.000000000000000 ) ;
#1193 = ORIENTED_EDGE ( 'NONE', *, *, #702, .F. ) ;
#1194 = ORIENTED_EDGE ( 'NONE', *, *, #1189, .T. ) ;
#1195 = CYLINDRICAL_SURFACE ( 'NONE', #125, 1.500000000000000000 ) ;
#1196 = CARTESIAN_POINT ( 'NONE',  ( -0.1499999999999916400, -4.019757386129789325E-17, 0.000000000000000000 ) ) ;
#1197 = CARTESIAN_POINT ( 'NONE',  ( 0.1500000000000038247, 1.959346099285771378E-17, 1.500000000000000444 ) ) ;
#1198 = EDGE_CURVE ( 'NONE', #919, #612, #1701, .T. ) ;
#1199 = FACE_OUTER_BOUND ( 'NONE', #1261, .T. ) ;
#1200 = CARTESIAN_POINT ( 'NONE',  ( -5.250000000000000000, -4.500000000000000000, 3.000000000000000000 ) ) ;
#1201 = VERTEX_POINT ( 'NONE', #485 ) ;
#1202 = EDGE_CURVE ( 'NONE', #1211, #1329, #621, .T. ) ;
#1203 = VERTEX_POINT ( 'NONE', #890 ) ;
#1204 = LINE ( 'NONE', #202, #1058 ) ;
#1205 = FACE_OUTER_BOUND ( 'NONE', #996, .T. ) ;
#1206 = CARTESIAN_POINT ( 'NONE',  ( -5.250000000000000000, 2.700000000000001066, 0.000000000000000000 ) ) ;
#1207 = CARTESIAN_POINT ( 'NONE',  ( 0.1500000000000035749, 1.827162448240958692E-17, 6.000000000000000000 ) ) ;
#1208 = DIRECTION ( 'NONE',  ( -1.000000000000000000, -1.219148684000004408E-16, 0.000000000000000000 ) ) ;
#1209 = VERTEX_POINT ( 'NONE', #476 ) ;
#1210 = PERSON_AND_ORGANIZATION ( #1014, #1154 ) ;
#1211 = VERTEX_POINT ( 'NONE', #1553 ) ;
#1212 = ADVANCED_FACE ( 'NONE', ( #1588 ), #735, .F. ) ;
#1213 = CARTESIAN_POINT ( 'NONE',  ( -5.250000000000000000, -7.500000000000000000, 0.000000000000000000 ) ) ;
#1214 = DIRECTION ( 'NONE',  ( 1.000000000000000000, 0.000000000000000000, 0.000000000000000000 ) ) ;
#1215 = CARTESIAN_POINT ( 'NONE',  ( -5.250000000000000000, 2.700000000000001066, 6.000000000000000000 ) ) ;
#1216 = CARTESIAN_POINT ( 'NONE',  ( 5.038819441731564375, 2.488819441731560111, 0.000000000000000000 ) ) ;
#1217 = AXIS2_PLACEMENT_3D ( 'NONE', #119, #679, #959 ) ;
#1218 = VECTOR ( 'NONE', #1363, 1000.000000000000000 ) ;
#1219 = ORIENTED_EDGE ( 'NONE', *, *, #615, .F. ) ;
#1220 = PERSON_AND_ORGANIZATION_ROLE ( 'classification_officer' ) ;
#1221 = ORIENTED_EDGE ( 'NONE', *, *, #361, .F. ) ;
#1222 = LINE ( 'NONE', #152, #1356 ) ;
#1223 = VECTOR ( 'NONE', #161, 1000.000000000000114 ) ;
#1224 = LINE ( 'NONE', #1777, #1094 ) ;
#1225 = CARTESIAN_POINT ( 'NONE',  ( 5.038819441731564375, 2.488819441731560111, 6.000000000000000000 ) ) ;
#1226 = ORIENTED_EDGE ( 'NONE', *, *, #1275, .F. ) ;
#1227 = ORIENTED_EDGE ( 'NONE', *, *, #652, .F. ) ;
#1228 = CARTESIAN_POINT ( 'NONE',  ( 5.250000000000001776, -4.500000000000000000, 3.000000000000000000 ) ) ;
#1229 = EDGE_CURVE ( 'NONE', #1294, #497, #320, .T. ) ;
#1230 = DIRECTION ( 'NONE',  ( 1.000000000000000000, 0.000000000000000000, 0.000000000000000000 ) ) ;
#1231 = DIRECTION ( 'NONE',  ( 1.000000000000000000, -0.000000000000000000, -0.000000000000000000 ) ) ;
#1232 = LINE ( 'NONE', #687, #386 ) ;
#1233 = EDGE_CURVE ( 'NONE', #1554, #812, #337, .T. ) ;
#1234 = ORIENTED_EDGE ( 'NONE', *, *, #227, .T. ) ;
#1235 = VECTOR ( 'NONE', #1291, 1000.000000000000000 ) ;
#1236 = EDGE_LOOP ( 'NONE', ( #319, #968, #1099, #1773 ) ) ;
#1237 = CIRCLE ( 'NONE', #1471, 1.500000000000000000 ) ;
#1238 = DIRECTION ( 'NONE',  ( -1.000000000000000000, 0.000000000000000000, 0.000000000000000000 ) ) ;
#1239 = DIRECTION ( 'NONE',  ( 0.000000000000000000, 0.000000000000000000, -1.000000000000000000 ) ) ;
#1240 = CIRCLE ( 'NONE', #452, 1.500000000000000000 ) ;
#1241 = CYLINDRICAL_SURFACE ( 'NONE', #1707, 2.000000000000000000 ) ;
#1242 = LOCAL_TIME ( 19, 42, 33.00000000000000000, #1504 ) ;
#1243 = ORIENTED_EDGE ( 'NONE', *, *, #1698, .F. ) ;
#1244 = VECTOR ( 'NONE', #1168, 1000.000000000000000 ) ;
#1245 = ORIENTED_EDGE ( 'NONE', *, *, #201, .T. ) ;
#1246 = VECTOR ( 'NONE', #1596, 1000.000000000000000 ) ;
#1247 = DIRECTION ( 'NONE',  ( -0.000000000000000000, 0.000000000000000000, 1.000000000000000000 ) ) ;
#1248 = PLANE ( 'NONE',  #278 ) ;
#1249 = ADVANCED_FACE ( 'NONE', ( #1430 ), #179, .F. ) ;
#1250 = FACE_OUTER_BOUND ( 'NONE', #1359, .T. ) ;
#1251 = ADVANCED_FACE ( 'NONE', ( #44 ), #1007, .T. ) ;
#1252 = ORIENTED_EDGE ( 'NONE', *, *, #169, .F. ) ;
#1253 = ORIENTED_EDGE ( 'NONE', *, *, #758, .F. ) ;
#1254 = EDGE_CURVE ( 'NONE', #784, #1282, #387, .T. ) ;
#1255 = DIRECTION ( 'NONE',  ( -0.000000000000000000, -0.000000000000000000, 1.000000000000000000 ) ) ;
#1256 = ORIENTED_EDGE ( 'NONE', *, *, #373, .T. ) ;
#1257 = DIRECTION ( 'NONE',  ( 0.000000000000000000, 1.000000000000000000, -0.000000000000000000 ) ) ;
#1258 = CARTESIAN_POINT ( 'NONE',  ( 0.000000000000000000, 30.69999999999999929, 6.000000000000000000 ) ) ;
#1259 = VERTEX_POINT ( 'NONE', #1060 ) ;
#1260 = PLANE ( 'NONE',  #739 ) ;
#1261 = EDGE_LOOP ( 'NONE', ( #21, #854, #898, #1035 ) ) ;
#1262 = EDGE_CURVE ( 'NONE', #1143, #1071, #1499, .T. ) ;
#1263 = DIRECTION ( 'NONE',  ( -1.000000000000000000, 0.000000000000000000, -0.000000000000000000 ) ) ;
#1264 = VERTEX_POINT ( 'NONE', #83 ) ;
#1265 = DIRECTION ( 'NONE',  ( 0.000000000000000000, 0.000000000000000000, 1.000000000000000000 ) ) ;
#1266 = CARTESIAN_POINT ( 'NONE',  ( 2.000000000000000000, 28.10000000000000853, 0.5000000000000004441 ) ) ;
#1267 = ORIENTED_EDGE ( 'NONE', *, *, #1759, .F. ) ;
#1268 = CARTESIAN_POINT ( 'NONE',  ( 5.250000000000000000, -7.299999999999997158, 6.000000000000000000 ) ) ;
#1269 = AXIS2_PLACEMENT_3D ( 'NONE', #126, #1805, #1118 ) ;
#1270 = ORIENTED_EDGE ( 'NONE', *, *, #742, .T. ) ;
#1271 = FACE_OUTER_BOUND ( 'NONE', #800, .T. ) ;
#1272 = ORIENTED_EDGE ( 'NONE', *, *, #1371, .T. ) ;
#1273 = DIRECTION ( 'NONE',  ( -1.000000000000000000, 0.000000000000000000, 0.000000000000000000 ) ) ;
#1274 = CARTESIAN_POINT ( 'NONE',  ( -5.038819441731564375, -1.488819441731559001, 0.000000000000000000 ) ) ;
#1275 = EDGE_CURVE ( 'NONE', #1546, #1143, #782, .T. ) ;
#1276 = ORIENTED_EDGE ( 'NONE', *, *, #1521, .T. ) ;
#1277 = DIRECTION ( 'NONE',  ( -0.000000000000000000, -0.000000000000000000, 1.000000000000000000 ) ) ;
#1278 = ORIENTED_EDGE ( 'NONE', *, *, #1719, .F. ) ;
#1279 =( NAMED_UNIT ( * ) PLANE_ANGLE_UNIT ( ) SI_UNIT ( $, .RADIAN. ) );
#1280 = CARTESIAN_POINT ( 'NONE',  ( -5.250000000000000000, -7.300000000000000711, 6.000000000000000000 ) ) ;
#1281 = EDGE_CURVE ( 'NONE', #523, #428, #931, .T. ) ;
#1282 = VERTEX_POINT ( 'NONE', #1225 ) ;
#1283 = LINE ( 'NONE', #1433, #181 ) ;
#1284 = DIRECTION ( 'NONE',  ( 0.000000000000000000, 0.000000000000000000, -1.000000000000000000 ) ) ;
#1285 = EDGE_CURVE ( 'NONE', #359, #160, #347, .T. ) ;
#1286 = ORIENTED_EDGE ( 'NONE', *, *, #1040, .T. ) ;
#1287 = DIRECTION ( 'NONE',  ( -0.000000000000000000, -0.000000000000000000, 1.000000000000000000 ) ) ;
#1288 = ORIENTED_EDGE ( 'NONE', *, *, #1691, .T. ) ;
#1289 = DIRECTION ( 'NONE',  ( 1.000000000000000000, 0.000000000000000000, 0.000000000000000000 ) ) ;
#1290 = DIRECTION ( 'NONE',  ( -0.000000000000000000, -0.000000000000000000, 1.000000000000000000 ) ) ;
#1291 = DIRECTION ( 'NONE',  ( 0.000000000000000000, 0.000000000000000000, -1.000000000000000000 ) ) ;
#1292 = DIRECTION ( 'NONE',  ( -1.000000000000000000, 0.000000000000000000, -0.000000000000000000 ) ) ;
#1293 = AXIS2_PLACEMENT_3D ( 'NONE', #1167, #1440, #1159 ) ;
#1294 = VERTEX_POINT ( 'NONE', #1338 ) ;
#1295 = FACE_BOUND ( 'NONE', #274, .T. ) ;
#1296 = ORIENTED_EDGE ( 'NONE', *, *, #826, .T. ) ;
#1297 = AXIS2_PLACEMENT_3D ( 'NONE', #940, #716, #566 ) ;
#1298 = DIRECTION ( 'NONE',  ( 0.000000000000000000, 0.000000000000000000, 1.000000000000000000 ) ) ;
#1299 = AXIS2_PLACEMENT_3D ( 'NONE', #920, #787, #616 ) ;
#1300 = DIRECTION ( 'NONE',  ( -0.7071067811865489050, 0.7071067811865460184, -0.000000000000000000 ) ) ;
#1301 = VECTOR ( 'NONE', #1428, 1000.000000000000000 ) ;
#1302 = CARTESIAN_POINT ( 'NONE',  ( -0.1500000000000001055, 31.58741196746493785, 0.000000000000000000 ) ) ;
#1303 = LINE ( 'NONE', #325, #1647 ) ;
#1304 = ADVANCED_FACE ( 'NONE', ( #233 ), #111, .F. ) ;
#1305 = ORIENTED_EDGE ( 'NONE', *, *, #123, .F. ) ;
#1306 = AXIS2_PLACEMENT_3D ( 'NONE', #26, #1287, #446 ) ;
#1307 = DIRECTION ( 'NONE',  ( -1.000000000000000000, -1.172002704878329515E-16, 0.000000000000000000 ) ) ;
#1308 = EDGE_CURVE ( 'NONE', #554, #1294, #241, .T. ) ;
#1309 = ORIENTED_EDGE ( 'NONE', *, *, #8, .F. ) ;
#1310 = COORDINATED_UNIVERSAL_TIME_OFFSET ( 8, 0, .AHEAD. ) ;
#1311 = EDGE_CURVE ( 'NONE', #29, #1209, #231, .T. ) ;
#1312 = CARTESIAN_POINT ( 'NONE',  ( -5.049999999999994493, 7.500000000000000000, 0.000000000000000000 ) ) ;
#1313 = CARTESIAN_POINT ( 'NONE',  ( 0.1499999999999997169, 31.58741196746493785, 0.000000000000000000 ) ) ;
#1314 = CARTESIAN_POINT ( 'NONE',  ( 0.1500000000000038247, 1.959346099285771378E-17, 0.5000000000000004441 ) ) ;
#1315 = CARTESIAN_POINT ( 'NONE',  ( -0.1500000000000003830, 32.70000000000000995, 6.000000000000000000 ) ) ;
#1316 = LINE ( 'NONE', #883, #113 ) ;
#1317 = VERTEX_POINT ( 'NONE', #792 ) ;
#1318 = CARTESIAN_POINT ( 'NONE',  ( 5.049999999999990941, -7.500000000000000000, 6.000000000000000000 ) ) ;
#1319 = CARTESIAN_POINT ( 'NONE',  ( 2.000000000000000000, 28.10000000000000853, 0.5000000000000004441 ) ) ;
#1320 = VECTOR ( 'NONE', #807, 1000.000000000000000 ) ;
#1321 = EDGE_CURVE ( 'NONE', #1264, #1787, #494, .T. ) ;
#1322 = CARTESIAN_POINT ( 'NONE',  ( 5.250000000000000000, -4.500000000000000000, 3.000000000000000000 ) ) ;
#1323 = FACE_OUTER_BOUND ( 'NONE', #346, .T. ) ;
#1324 = CARTESIAN_POINT ( 'NONE',  ( -0.1499999999999998834, 29.81258803253505718, 0.5000000000000004441 ) ) ;
#1325 = CARTESIAN_POINT ( 'NONE',  ( -3.500000000000000000, 7.500000000000000000, 6.000000000000000000 ) ) ;
#1326 = VECTOR ( 'NONE', #966, 1000.000000000000000 ) ;
#1327 = ORIENTED_EDGE ( 'NONE', *, *, #1519, .F. ) ;
#1328 = PERSON_AND_ORGANIZATION_ROLE ( 'creator' ) ;
#1329 = VERTEX_POINT ( 'NONE', #1348 ) ;
#1330 = EDGE_CURVE ( 'NONE', #1662, #1587, #1470, .T. ) ;
#1331 = DIRECTION ( 'NONE',  ( 1.000000000000000000, 0.000000000000000000, 0.000000000000000000 ) ) ;
#1332 = FACE_OUTER_BOUND ( 'NONE', #1552, .T. ) ;
#1333 = DIRECTION ( 'NONE',  ( 0.000000000000000000, 1.000000000000000000, 0.000000000000000000 ) ) ;
#1334 = CC_DESIGN_PERSON_AND_ORGANIZATION_ASSIGNMENT ( #1131, #462, ( #824 ) ) ;
#1335 = CIRCLE ( 'NONE', #1482, 1.249999999999992450 ) ;
#1336 = VECTOR ( 'NONE', #269, 1000.000000000000000 ) ;
#1337 = DIRECTION ( 'NONE',  ( 0.000000000000000000, 1.000000000000000000, 0.000000000000000000 ) ) ;
#1338 = CARTESIAN_POINT ( 'NONE',  ( -5.250000000000000000, -1.699999999999993072, 0.000000000000000000 ) ) ;
#1339 = EDGE_CURVE ( 'NONE', #1076, #554, #502, .T. ) ;
#1340 = ORIENTED_EDGE ( 'NONE', *, *, #802, .F. ) ;
#1341 = CALENDAR_DATE ( 2026, 24, 6 ) ;
#1342 = ORIENTED_EDGE ( 'NONE', *, *, #1652, .F. ) ;
#1343 = CARTESIAN_POINT ( 'NONE',  ( -3.500000000000000000, 9.000000000000000000, 0.5000000000000004441 ) ) ;
#1344 = DIRECTION ( 'NONE',  ( 0.000000000000000000, 0.000000000000000000, -1.000000000000000000 ) ) ;
#1345 = FACE_BOUND ( 'NONE', #411, .T. ) ;
#1346 = ADVANCED_FACE ( 'NONE', ( #1615 ), #659, .F. ) ;
#1347 = CARTESIAN_POINT ( 'NONE',  ( -5.050000000000001599, -7.500000000000000000, 6.000000000000000000 ) ) ;
#1348 = CARTESIAN_POINT ( 'NONE',  ( -0.5000000000000004441, -7.500000000000000000, 0.000000000000000000 ) ) ;
#1349 = VERTEX_POINT ( 'NONE', #1042 ) ;
#1350 = AXIS2_PLACEMENT_3D ( 'NONE', #1381, #1784, #538 ) ;
#1351 = ORIENTED_EDGE ( 'NONE', *, *, #1640, .T. ) ;
#1352 = DIRECTION ( 'NONE',  ( -1.000000000000000000, 0.000000000000000000, 0.000000000000000000 ) ) ;
#1353 = VECTOR ( 'NONE', #206, 1000.000000000000000 ) ;
#1354 = CARTESIAN_POINT ( 'NONE',  ( 0.000000000000000000, 25.20000000000000639, 6.000000000000000000 ) ) ;
#1355 = DIRECTION ( 'NONE',  ( -0.000000000000000000, -0.000000000000000000, 1.000000000000000000 ) ) ;
#1356 = VECTOR ( 'NONE', #676, 1000.000000000000000 ) ;
#1357 = LINE ( 'NONE', #1050, #954 ) ;
#1358 = CYLINDRICAL_SURFACE ( 'NONE', #1350, 2.499999999999999556 ) ;
#1359 = EDGE_LOOP ( 'NONE', ( #1685, #1113, #837, #1445 ) ) ;
#1360 = VECTOR ( 'NONE', #1755, 1000.000000000000000 ) ;
#1361 = ORIENTED_EDGE ( 'NONE', *, *, #1532, .T. ) ;
#1362 = CARTESIAN_POINT ( 'NONE',  ( -2.000000000000000000, 31.20000000000000284, 0.5000000000000004441 ) ) ;
#1363 = DIRECTION ( 'NONE',  ( -0.000000000000000000, -1.000000000000000000, -0.000000000000000000 ) ) ;
#1364 = FACE_OUTER_BOUND ( 'NONE', #985, .T. ) ;
#1365 = LOCAL_TIME ( 19, 42, 33.00000000000000000, #1310 ) ;
#1366 = DIRECTION ( 'NONE',  ( 1.000000000000000000, 0.000000000000000000, 0.000000000000000000 ) ) ;
#1367 = ORIENTED_EDGE ( 'NONE', *, *, #234, .T. ) ;
#1368 = EDGE_CURVE ( 'NONE', #1201, #1670, #521, .T. ) ;
#1369 = ORIENTED_EDGE ( 'NONE', *, *, #909, .F. ) ;
#1370 = LINE ( 'NONE', #525, #1699 ) ;
#1371 = EDGE_CURVE ( 'NONE', #136, #469, #1770, .T. ) ;
#1372 = CARTESIAN_POINT ( 'NONE',  ( -5.250000000000000000, 0.5000000000000004441, 0.000000000000000000 ) ) ;
#1373 = LINE ( 'NONE', #414, #188 ) ;
#1374 = DIRECTION ( 'NONE',  ( 1.000000000000000000, -0.000000000000000000, -0.000000000000000000 ) ) ;
#1375 = ORIENTED_EDGE ( 'NONE', *, *, #1098, .T. ) ;
#1376 = ORIENTED_EDGE ( 'NONE', *, *, #1698, .T. ) ;
#1377 = LINE ( 'NONE', #958, #610 ) ;
#1378 = EDGE_CURVE ( 'NONE', #838, #1211, #556, .T. ) ;
#1379 = VECTOR ( 'NONE', #673, 1000.000000000000000 ) ;
#1380 = DIRECTION ( 'NONE',  ( -1.000000000000000000, -1.734723475976807292E-15, 0.000000000000000000 ) ) ;
#1381 = CARTESIAN_POINT ( 'NONE',  ( 0.000000000000000000, 0.5000000000000004441, 0.000000000000000000 ) ) ;
#1382 = VECTOR ( 'NONE', #212, 1000.000000000000000 ) ;
#1383 = ORIENTED_EDGE ( 'NONE', *, *, #254, .T. ) ;
#1384 = AXIS2_PLACEMENT_3D ( 'NONE', #149, #432, #740 ) ;
#1385 = EDGE_LOOP ( 'NONE', ( #910, #1780, #1804, #620 ) ) ;
#1386 = EDGE_CURVE ( 'NONE', #1317, #1415, #1073, .T. ) ;
#1387 = CARTESIAN_POINT ( 'NONE',  ( 0.1500000000000001887, 28.10000000000000853, 0.5000000000000002220 ) ) ;
#1388 = CARTESIAN_POINT ( 'NONE',  ( -0.7999999999999987121, 25.20000000000000639, 6.000000000000000000 ) ) ;
#1389 = PLANE ( 'NONE',  #927 ) ;
#1390 = ADVANCED_FACE ( 'NONE', ( #379 ), #1358, .F. ) ;
#1391 = ORIENTED_EDGE ( 'NONE', *, *, #42, .F. ) ;
#1392 = AXIS2_PLACEMENT_3D ( 'NONE', #1105, #1257, #1529 ) ;
#1393 = VECTOR ( 'NONE', #1490, 1000.000000000000000 ) ;
#1394 = ORIENTED_EDGE ( 'NONE', *, *, #201, .F. ) ;
#1395 = AXIS2_PLACEMENT_3D ( 'NONE', #1258, #1397, #265 ) ;
#1396 = CARTESIAN_POINT ( 'NONE',  ( -5.038819441731559934, 2.488819441731559667, 6.000000000000000000 ) ) ;
#1397 = DIRECTION ( 'NONE',  ( -0.000000000000000000, 0.000000000000000000, 1.000000000000000000 ) ) ;
#1398 = ORIENTED_EDGE ( 'NONE', *, *, #1608, .F. ) ;
#1399 = PLANE ( 'NONE',  #1070 ) ;
#1400 = EDGE_CURVE ( 'NONE', #170, #757, #1232, .T. ) ;
#1401 = ORIENTED_EDGE ( 'NONE', *, *, #1657, .T. ) ;
#1402 = LINE ( 'NONE', #1280, #487 ) ;
#1403 = VERTEX_POINT ( 'NONE', #1639 ) ;
#1404 = LINE ( 'NONE', #305, #129 ) ;
#1405 = FACE_OUTER_BOUND ( 'NONE', #448, .T. ) ;
#1406 = ORIENTED_EDGE ( 'NONE', *, *, #1578, .F. ) ;
#1407 = CARTESIAN_POINT ( 'NONE',  ( 3.499999999999996891, 7.500000000000000000, 6.000000000000000000 ) ) ;
#1408 = VERTEX_POINT ( 'NONE', #120 ) ;
#1409 = VECTOR ( 'NONE', #1569, 1000.000000000000000 ) ;
#1410 = EDGE_CURVE ( 'NONE', #1026, #549, #1655, .T. ) ;
#1411 = CARTESIAN_POINT ( 'NONE',  ( 3.500000000000000444, 9.000000000000000000, 6.000000000000000000 ) ) ;
#1412 = ORIENTED_EDGE ( 'NONE', *, *, #293, .T. ) ;
#1413 = CARTESIAN_POINT ( 'NONE',  ( 0.000000000000000000, 25.20000000000000639, 1.500000000000000444 ) ) ;
#1414 = CARTESIAN_POINT ( 'NONE',  ( -0.5000000000000026645, 32.70000000000000284, 0.5000000000000004441 ) ) ;
#1415 = VERTEX_POINT ( 'NONE', #141 ) ;
#1416 = CARTESIAN_POINT ( 'NONE',  ( -1.774999999999982370, 1.774999999999996803, -0.000000000000000000 ) ) ;
#1417 = VECTOR ( 'NONE', #1438, 1000.000000000000000 ) ;
#1418 = CIRCLE ( 'NONE', #1447, 0.7999999999999990452 ) ;
#1419 = EDGE_LOOP ( 'NONE', ( #488, #1081, #458, #1044 ) ) ;
#1420 = VECTOR ( 'NONE', #592, 1000.000000000000000 ) ;
#1421 = AXIS2_PLACEMENT_3D ( 'NONE', #31, #1146, #887 ) ;
#1422 = EDGE_CURVE ( 'NONE', #523, #743, #698, .T. ) ;
#1423 = PERSON_AND_ORGANIZATION_ROLE ( 'design_owner' ) ;
#1424 = CARTESIAN_POINT ( 'NONE',  ( 0.000000000000000000, 25.20000000000000639, 6.000000000000000000 ) ) ;
#1425 = ADVANCED_FACE ( 'NONE', ( #1405 ), #714, .F. ) ;
#1426 = ORIENTED_EDGE ( 'NONE', *, *, #962, .T. ) ;
#1427 = FACE_OUTER_BOUND ( 'NONE', #1695, .T. ) ;
#1428 = DIRECTION ( 'NONE',  ( 0.000000000000000000, 0.000000000000000000, -1.000000000000000000 ) ) ;
#1429 = ORIENTED_EDGE ( 'NONE', *, *, #1311, .T. ) ;
#1430 = FACE_OUTER_BOUND ( 'NONE', #1451, .T. ) ;
#1431 = VERTEX_POINT ( 'NONE', #1661 ) ;
#1432 = DIRECTION ( 'NONE',  ( 0.000000000000000000, 0.000000000000000000, 1.000000000000000000 ) ) ;
#1433 = CARTESIAN_POINT ( 'NONE',  ( 0.1500000000000003275, 26.70000000000000995, 0.000000000000000000 ) ) ;
#1434 = DIRECTION ( 'NONE',  ( 0.7071067811865474617, -0.7071067811865474617, -0.000000000000000000 ) ) ;
#1435 = ORIENTED_EDGE ( 'NONE', *, *, #394, .F. ) ;
#1436 = LINE ( 'NONE', #609, #194 ) ;
#1437 = ORIENTED_EDGE ( 'NONE', *, *, #93, .T. ) ;
#1438 = DIRECTION ( 'NONE',  ( -0.000000000000000000, -0.000000000000000000, 1.000000000000000000 ) ) ;
#1439 = FACE_OUTER_BOUND ( 'NONE', #715, .T. ) ;
#1440 = DIRECTION ( 'NONE',  ( 1.000000000000000000, -0.000000000000000000, -0.000000000000000000 ) ) ;
#1441 = PLANE ( 'NONE',  #308 ) ;
#1442 = VERTEX_POINT ( 'NONE', #404 ) ;
#1443 = LINE ( 'NONE', #1731, #923 ) ;
#1444 = EDGE_CURVE ( 'NONE', #1209, #1631, #332, .T. ) ;
#1445 = ORIENTED_EDGE ( 'NONE', *, *, #1765, .T. ) ;
#1446 = LINE ( 'NONE', #191, #330 ) ;
#1447 = AXIS2_PLACEMENT_3D ( 'NONE', #257, #392, #974 ) ;
#1448 = VECTOR ( 'NONE', #867, 1000.000000000000114 ) ;
#1449 = FACE_OUTER_BOUND ( 'NONE', #589, .T. ) ;
#1450 = FACE_OUTER_BOUND ( 'NONE', #1136, .T. ) ;
#1451 = EDGE_LOOP ( 'NONE', ( #1692, #1182, #1461, #1161 ) ) ;
#1452 = DIRECTION ( 'NONE',  ( 1.953337841463882217E-17, -1.000000000000000000, 0.000000000000000000 ) ) ;
#1453 = EDGE_LOOP ( 'NONE', ( #728, #139, #3, #705 ) ) ;
#1454 = EDGE_CURVE ( 'NONE', #1143, #612, #207, .T. ) ;
#1455 = EDGE_LOOP ( 'NONE', ( #395, #131, #27, #939 ) ) ;
#1456 = CARTESIAN_POINT ( 'NONE',  ( 2.000000000000000000, 7.499999999999998224, 6.000000000000000000 ) ) ;
#1457 = CARTESIAN_POINT ( 'NONE',  ( 5.250000000000000000, -1.699999999999999289, 0.000000000000000000 ) ) ;
#1458 = PLANE ( 'NONE',  #607 ) ;
#1459 = ORIENTED_EDGE ( 'NONE', *, *, #1043, .F. ) ;
#1460 = CARTESIAN_POINT ( 'NONE',  ( 5.038819441731558157, -1.488819441731558113, 0.000000000000000000 ) ) ;
#1461 = ORIENTED_EDGE ( 'NONE', *, *, #142, .F. ) ;
#1462 = APPROVAL_DATE_TIME ( #478, #1782 ) ;
#1463 = ORIENTED_EDGE ( 'NONE', *, *, #1229, .T. ) ;
#1464 = CYLINDRICAL_SURFACE ( 'NONE', #13, 1.500000000000000000 ) ;
#1465 = VECTOR ( 'NONE', #1300, 1000.000000000000114 ) ;
#1466 = EDGE_CURVE ( 'NONE', #541, #1071, #952, .T. ) ;
#1467 = CARTESIAN_POINT ( 'NONE',  ( 0.1500000000000035749, 1.827162448240958692E-17, 0.000000000000000000 ) ) ;
#1468 = CARTESIAN_POINT ( 'NONE',  ( 0.5000000000000013323, -4.500000000000000000, 1.750000000000007550 ) ) ;
#1469 = DIRECTION ( 'NONE',  ( -1.219148684000004408E-16, 1.000000000000000000, 0.000000000000000000 ) ) ;
#1470 = LINE ( 'NONE', #1325, #94 ) ;
#1471 = AXIS2_PLACEMENT_3D ( 'NONE', #751, #849, #618 ) ;
#1472 = ORIENTED_EDGE ( 'NONE', *, *, #888, .F. ) ;
#1473 = SHAPE_DEFINITION_REPRESENTATION ( #557, #804 ) ;
#1474 = ORIENTED_EDGE ( 'NONE', *, *, #1702, .T. ) ;
#1475 = CIRCLE ( 'NONE', #750, 1.249999999999987121 ) ;
#1476 = CARTESIAN_POINT ( 'NONE',  ( 0.000000000000000000, 25.20000000000000639, 6.000000000000000000 ) ) ;
#1477 = ADVANCED_FACE ( 'NONE', ( #828 ), #1241, .F. ) ;
#1478 = VECTOR ( 'NONE', #893, 1000.000000000000000 ) ;
#1479 = VECTOR ( 'NONE', #1491, 1000.000000000000000 ) ;
#1480 = DIRECTION ( 'NONE',  ( -0.000000000000000000, -0.000000000000000000, 1.000000000000000000 ) ) ;
#1481 = CARTESIAN_POINT ( 'NONE',  ( -6.274999999999953282, 6.275000000000062528, -0.000000000000000000 ) ) ;
#1482 = AXIS2_PLACEMENT_3D ( 'NONE', #1622, #770, #628 ) ;
#1483 = ADVANCED_FACE ( 'NONE', ( #409 ), #1524, .F. ) ;
#1484 = CARTESIAN_POINT ( 'NONE',  ( -0.4999999999999993339, -1.949489742783177437, 0.000000000000000000 ) ) ;
#1485 = DIRECTION ( 'NONE',  ( 0.000000000000000000, 0.000000000000000000, -1.000000000000000000 ) ) ;
#1486 = ORIENTED_EDGE ( 'NONE', *, *, #1608, .T. ) ;
#1487 = VERTEX_POINT ( 'NONE', #1106 ) ;
#1488 = CARTESIAN_POINT ( 'NONE',  ( -1.275000000000021450, -1.275000000000010791, -0.000000000000000000 ) ) ;
#1489 = CYLINDRICAL_SURFACE ( 'NONE', #695, 0.7999999999999987121 ) ;
#1490 = DIRECTION ( 'NONE',  ( -1.306230732857147598E-16, 1.000000000000000000, 0.000000000000000000 ) ) ;
#1491 = DIRECTION ( 'NONE',  ( -0.000000000000000000, -0.000000000000000000, 1.000000000000000000 ) ) ;
#1492 = DIRECTION ( 'NONE',  ( -0.000000000000000000, -0.000000000000000000, 1.000000000000000000 ) ) ;
#1493 = ORIENTED_EDGE ( 'NONE', *, *, #8, .T. ) ;
#1494 = CALENDAR_DATE ( 2026, 24, 6 ) ;
#1495 = VERTEX_POINT ( 'NONE', #835 ) ;
#1496 = DIRECTION ( 'NONE',  ( -1.000000000000000000, 0.000000000000000000, 0.000000000000000000 ) ) ;
#1497 = CARTESIAN_POINT ( 'NONE',  ( -5.250000000000000000, -7.500000000000000000, 0.000000000000000000 ) ) ;
#1498 = DIRECTION ( 'NONE',  ( -1.734723475976807292E-15, 1.000000000000000000, 0.000000000000000000 ) ) ;
#1499 = LINE ( 'NONE', #355, #1246 ) ;
#1500 = ADVANCED_FACE ( 'NONE', ( #1088 ), #1389, .F. ) ;
#1501 = VERTEX_POINT ( 'NONE', #843 ) ;
#1502 = CIRCLE ( 'NONE', #858, 2.499999999999999556 ) ;
#1503 = ADVANCED_FACE ( 'NONE', ( #1250 ), #1509, .F. ) ;
#1504 = COORDINATED_UNIVERSAL_TIME_OFFSET ( 8, 0, .AHEAD. ) ;
#1505 = ORIENTED_EDGE ( 'NONE', *, *, #1759, .T. ) ;
#1506 = DIRECTION ( 'NONE',  ( 0.000000000000000000, 0.000000000000000000, -1.000000000000000000 ) ) ;
#1507 = CYLINDRICAL_SURFACE ( 'NONE', #1217, 2.499999999999999556 ) ;
#1508 = AXIS2_PLACEMENT_3D ( 'NONE', #345, #509, #364 ) ;
#1509 = PLANE ( 'NONE',  #840 ) ;
#1510 = ORIENTED_EDGE ( 'NONE', *, *, #1330, .T. ) ;
#1511 = ORIENTED_EDGE ( 'NONE', *, *, #1422, .F. ) ;
#1512 = EDGE_CURVE ( 'NONE', #691, #1203, #553, .T. ) ;
#1513 = DIRECTION ( 'NONE',  ( -0.000000000000000000, -0.000000000000000000, 1.000000000000000000 ) ) ;
#1514 = CARTESIAN_POINT ( 'NONE',  ( -0.1500000000000001055, 31.58741196746493785, 6.000000000000000000 ) ) ;
#1515 = DIRECTION ( 'NONE',  ( 1.000000000000000000, 0.000000000000000000, 0.000000000000000000 ) ) ;
#1516 = EDGE_LOOP ( 'NONE', ( #1394, #891, #1459, #1391 ) ) ;
#1517 = EDGE_CURVE ( 'NONE', #550, #359, #423, .T. ) ;
#1518 = ORIENTED_EDGE ( 'NONE', *, *, #1512, .T. ) ;
#1519 = EDGE_CURVE ( 'NONE', #63, #565, #415, .T. ) ;
#1520 = CARTESIAN_POINT ( 'NONE',  ( 0.1500000000000001887, 28.10000000000000853, 1.500000000000000444 ) ) ;
#1521 = EDGE_CURVE ( 'NONE', #296, #993, #1531, .T. ) ;
#1522 = VECTOR ( 'NONE', #511, 1000.000000000000000 ) ;
#1523 = LINE ( 'NONE', #697, #1326 ) ;
#1524 = PLANE ( 'NONE',  #515 ) ;
#1525 = VERTEX_POINT ( 'NONE', #443 ) ;
#1526 = ORIENTED_EDGE ( 'NONE', *, *, #1795, .F. ) ;
#1527 = EDGE_CURVE ( 'NONE', #1442, #774, #176, .T. ) ;
#1528 = LINE ( 'NONE', #941, #190 ) ;
#1529 = DIRECTION ( 'NONE',  ( 0.000000000000000000, 0.000000000000000000, 1.000000000000000000 ) ) ;
#1530 = CIRCLE ( 'NONE', #1297, 1.500000000000000000 ) ;
#1531 = LINE ( 'NONE', #40, #1301 ) ;
#1532 = EDGE_CURVE ( 'NONE', #495, #1573, #185, .T. ) ;
#1533 = CIRCLE ( 'NONE', #604, 1.249999999999992450 ) ;
#1534 = EDGE_LOOP ( 'NONE', ( #151, #1008, #1700, #540 ) ) ;
#1535 = CARTESIAN_POINT ( 'NONE',  ( 0.000000000000000000, 30.69999999999999929, 0.5000000000000004441 ) ) ;
#1536 = AXIS2_PLACEMENT_3D ( 'NONE', #168, #732, #1284 ) ;
#1537 = CIRCLE ( 'NONE', #1672, 1.249999999999992450 ) ;
#1538 = ORIENTED_EDGE ( 'NONE', *, *, #1063, .F. ) ;
#1539 = DIRECTION ( 'NONE',  ( 0.000000000000000000, -0.000000000000000000, 1.000000000000000000 ) ) ;
#1540 = AXIS2_PLACEMENT_3D ( 'NONE', #1170, #468, #1025 ) ;
#1541 = ORIENTED_EDGE ( 'NONE', *, *, #506, .T. ) ;
#1542 = CYLINDRICAL_SURFACE ( 'NONE', #833, 0.8999999999999984679 ) ;
#1543 = DIRECTION ( 'NONE',  ( 1.000000000000000000, 0.000000000000000000, 0.000000000000000000 ) ) ;
#1544 = ORIENTED_EDGE ( 'NONE', *, *, #1063, .T. ) ;
#1545 = DIRECTION ( 'NONE',  ( -1.000000000000000000, 0.000000000000000000, 0.000000000000000000 ) ) ;
#1546 = VERTEX_POINT ( 'NONE', #1560 ) ;
#1547 = DIRECTION ( 'NONE',  ( -0.000000000000000000, -1.000000000000000000, -0.000000000000000000 ) ) ;
#1548 = ORIENTED_EDGE ( 'NONE', *, *, #988, .T. ) ;
#1549 = DIRECTION ( 'NONE',  ( -1.000000000000000000, 0.000000000000000000, 0.000000000000000000 ) ) ;
#1550 = CARTESIAN_POINT ( 'NONE',  ( 2.000000000000000000, 9.000000000000000000, 0.5000000000000004441 ) ) ;
#1551 = EDGE_CURVE ( 'NONE', #1026, #871, #603, .T. ) ;
#1552 = EDGE_LOOP ( 'NONE', ( #1103, #416, #634, #434 ) ) ;
#1553 = CARTESIAN_POINT ( 'NONE',  ( -0.4999999999999993339, -1.949489742783177437, 0.000000000000000000 ) ) ;
#1554 = VERTEX_POINT ( 'NONE', #1713 ) ;
#1555 = ADVANCED_FACE ( 'NONE', ( #433 ), #306, .F. ) ;
#1556 = APPLICATION_PROTOCOL_DEFINITION ( 'international standard', 'config_control_design', 1994, #1693 ) ;
#1557 = CARTESIAN_POINT ( 'NONE',  ( -5.250000000000000000, 0.5000000000000004441, 0.000000000000000000 ) ) ;
#1558 = EDGE_LOOP ( 'NONE', ( #354, #928, #1772, #1493 ) ) ;
#1559 = LINE ( 'NONE', #933, #597 ) ;
#1560 = CARTESIAN_POINT ( 'NONE',  ( 0.1499999999999999389, 29.81258803253505718, 0.5000000000000004441 ) ) ;
#1561 = ORIENTED_EDGE ( 'NONE', *, *, #413, .F. ) ;
#1562 = CARTESIAN_POINT ( 'NONE',  ( 0.1499999999999999389, 29.81258803253505718, 6.000000000000000000 ) ) ;
#1563 = LOCAL_TIME ( 19, 42, 33.00000000000000000, #470 ) ;
#1564 = ORIENTED_EDGE ( 'NONE', *, *, #826, .F. ) ;
#1565 = VECTOR ( 'NONE', #454, 1000.000000000000000 ) ;
#1566 = AXIS2_PLACEMENT_3D ( 'NONE', #1424, #1255, #581 ) ;
#1567 = PLANE ( 'NONE',  #399 ) ;
#1568 = LINE ( 'NONE', #992, #1706 ) ;
#1569 = DIRECTION ( 'NONE',  ( -0.000000000000000000, -0.000000000000000000, 1.000000000000000000 ) ) ;
#1570 = FACE_OUTER_BOUND ( 'NONE', #533, .T. ) ;
#1571 = ORIENTED_EDGE ( 'NONE', *, *, #349, .T. ) ;
#1572 = DIRECTION ( 'NONE',  ( 0.000000000000000000, 0.000000000000000000, -1.000000000000000000 ) ) ;
#1573 = VERTEX_POINT ( 'NONE', #1679 ) ;
#1574 = DATE_AND_TIME ( #1019, #721 ) ;
#1575 = CARTESIAN_POINT ( 'NONE',  ( 5.038819441731564375, 2.488819441731560111, 0.000000000000000000 ) ) ;
#1576 = CARTESIAN_POINT ( 'NONE',  ( -5.049999999999994493, 7.500000000000000000, 6.000000000000000000 ) ) ;
#1577 = FACE_BOUND ( 'NONE', #286, .T. ) ;
#1578 = EDGE_CURVE ( 'NONE', #708, #703, #576, .T. ) ;
#1579 = ORIENTED_EDGE ( 'NONE', *, *, #1009, .F. ) ;
#1580 = LINE ( 'NONE', #55, #1676 ) ;
#1581 = ORIENTED_EDGE ( 'NONE', *, *, #313, .F. ) ;
#1582 = DIRECTION ( 'NONE',  ( -1.000000000000000000, 0.000000000000000000, -0.000000000000000000 ) ) ;
#1583 = AXIS2_PLACEMENT_3D ( 'NONE', #1196, #761, #1611 ) ;
#1584 = DIRECTION ( 'NONE',  ( -1.000000000000000000, -1.218108298827276911E-16, 0.000000000000000000 ) ) ;
#1585 = CARTESIAN_POINT ( 'NONE',  ( -2.499999999999999556, 0.5000000000000007772, 6.000000000000000000 ) ) ;
#1586 = ADVANCED_FACE ( 'NONE', ( #1577, #1450 ), #1441, .F. ) ;
#1587 = VERTEX_POINT ( 'NONE', #1697 ) ;
#1588 = FACE_OUTER_BOUND ( 'NONE', #1743, .T. ) ;
#1589 = VERTEX_POINT ( 'NONE', #752 ) ;
#1590 = DIRECTION ( 'NONE',  ( 0.7071067811865446862, -0.7071067811865504593, 0.000000000000000000 ) ) ;
#1591 = DIRECTION ( 'NONE',  ( 0.000000000000000000, -1.000000000000000000, 0.000000000000000000 ) ) ;
#1592 = AXIS2_PLACEMENT_3D ( 'NONE', #1766, #263, #117 ) ;
#1593 = LINE ( 'NONE', #1313, #808 ) ;
#1594 = PLANE ( 'NONE',  #1508 ) ;
#1595 = LINE ( 'NONE', #772, #1185 ) ;
#1596 = DIRECTION ( 'NONE',  ( 1.306230732857147598E-16, -1.000000000000000000, 0.000000000000000000 ) ) ;
#1597 = ORIENTED_EDGE ( 'NONE', *, *, #436, .T. ) ;
#1598 = EDGE_CURVE ( 'NONE', #166, #1130, #694, .T. ) ;
#1599 = EDGE_LOOP ( 'NONE', ( #1193, #578, #284, #1122 ) ) ;
#1600 = DIRECTION ( 'NONE',  ( 1.000000000000000000, 0.000000000000000000, 0.000000000000000000 ) ) ;
#1601 = DIRECTION ( 'NONE',  ( 0.000000000000000000, 1.000000000000000000, 0.000000000000000000 ) ) ;
#1602 = LINE ( 'NONE', #1197, #1393 ) ;
#1603 = FACE_OUTER_BOUND ( 'NONE', #734, .T. ) ;
#1604 = DIRECTION ( 'NONE',  ( -0.000000000000000000, -0.000000000000000000, 1.000000000000000000 ) ) ;
#1605 = ADVANCED_FACE ( 'NONE', ( #1570 ), #585, .F. ) ;
#1606 = ORIENTED_EDGE ( 'NONE', *, *, #1021, .T. ) ;
#1607 = VERTEX_POINT ( 'NONE', #896 ) ;
#1608 = EDGE_CURVE ( 'NONE', #136, #1431, #11, .T. ) ;
#1609 = DIRECTION ( 'NONE',  ( 0.000000000000000000, 0.000000000000000000, 1.000000000000000000 ) ) ;
#1610 = CIRCLE ( 'NONE', #209, 0.8999999999999984679 ) ;
#1611 = DIRECTION ( 'NONE',  ( 2.679838257420009105E-16, -1.000000000000000000, 0.000000000000000000 ) ) ;
#1612 = FACE_OUTER_BOUND ( 'NONE', #267, .T. ) ;
#1613 = CIRCLE ( 'NONE', #36, 2.000000000000000000 ) ;
#1614 = CARTESIAN_POINT ( 'NONE',  ( 1.274999999999986811, -1.274999999999994582, -0.000000000000000000 ) ) ;
#1615 = FACE_OUTER_BOUND ( 'NONE', #1062, .T. ) ;
#1616 = ORIENTED_EDGE ( 'NONE', *, *, #48, .F. ) ;
#1617 = VERTEX_POINT ( 'NONE', #1004 ) ;
#1618 = AXIS2_PLACEMENT_3D ( 'NONE', #1535, #285, #1682 ) ;
#1619 = LINE ( 'NONE', #1456, #1478 ) ;
#1620 = VECTOR ( 'NONE', #484, 1000.000000000000000 ) ;
#1621 = PLANE ( 'NONE',  #1583 ) ;
#1622 = CARTESIAN_POINT ( 'NONE',  ( -0.4999999999999987232, -4.500000000000000000, 3.000000000000000000 ) ) ;
#1623 = AXIS2_PLACEMENT_3D ( 'NONE', #1039, #239, #204 ) ;
#1624 = CARTESIAN_POINT ( 'NONE',  ( -0.7999999999999987121, 25.20000000000000639, 1.500000000000000444 ) ) ;
#1625 = DIRECTION ( 'NONE',  ( 1.000000000000000000, 0.000000000000000000, 0.000000000000000000 ) ) ;
#1626 = ORIENTED_EDGE ( 'NONE', *, *, #1785, .F. ) ;
#1627 = ORIENTED_EDGE ( 'NONE', *, *, #1633, .T. ) ;
#1628 = DIRECTION ( 'NONE',  ( -0.000000000000000000, 0.000000000000000000, -1.000000000000000000 ) ) ;
#1629 = ADVANCED_FACE ( 'NONE', ( #619, #1135 ), #1721, .T. ) ;
#1630 = PLANE ( 'NONE',  #982 ) ;
#1631 = VERTEX_POINT ( 'NONE', #1585 ) ;
#1632 = CARTESIAN_POINT ( 'NONE',  ( -0.1499999999999962474, -1.828723025999960883E-17, 0.000000000000000000 ) ) ;
#1633 = EDGE_CURVE ( 'NONE', #497, #1076, #873, .T. ) ;
#1634 = VERTEX_POINT ( 'NONE', #1414 ) ;
#1635 = ORIENTED_EDGE ( 'NONE', *, *, #551, .T. ) ;
#1636 = LINE ( 'NONE', #1643, #560 ) ;
#1637 = FACE_OUTER_BOUND ( 'NONE', #92, .T. ) ;
#1638 = DIRECTION ( 'NONE',  ( -0.000000000000000000, 0.000000000000000000, 1.000000000000000000 ) ) ;
#1639 = CARTESIAN_POINT ( 'NONE',  ( 0.4999999999999973910, 32.70000000000000995, 0.5000000000000004441 ) ) ;
#1640 = EDGE_CURVE ( 'NONE', #803, #136, #1303, .T. ) ;
#1641 = EDGE_LOOP ( 'NONE', ( #675, #1169, #252, #901 ) ) ;
#1642 = ORIENTED_EDGE ( 'NONE', *, *, #1321, .T. ) ;
#1643 = CARTESIAN_POINT ( 'NONE',  ( 5.250000000000000000, -7.299999999999997158, 6.000000000000000000 ) ) ;
#1644 = CYLINDRICAL_SURFACE ( 'NONE', #311, 2.000000000000000000 ) ;
#1645 = CC_DESIGN_APPROVAL ( #1782, ( #255 ) ) ;
#1646 = CARTESIAN_POINT ( 'NONE',  ( 3.500000000000000444, 7.500000000000000000, 6.000000000000000000 ) ) ;
#1647 = VECTOR ( 'NONE', #1013, 1000.000000000000000 ) ;
#1648 = CARTESIAN_POINT ( 'NONE',  ( -5.250000000000000000, -7.500000000000000000, 0.000000000000000000 ) ) ;
#1649 = AXIS2_PLACEMENT_3D ( 'NONE', #1322, #228, #1344 ) ;
#1650 = ORIENTED_EDGE ( 'NONE', *, *, #1466, .T. ) ;
#1651 = ORIENTED_EDGE ( 'NONE', *, *, #503, .F. ) ;
#1652 = EDGE_CURVE ( 'NONE', #907, #743, #869, .T. ) ;
#1653 = DIRECTION ( 'NONE',  ( -0.000000000000000000, -0.000000000000000000, 1.000000000000000000 ) ) ;
#1654 = CARTESIAN_POINT ( 'NONE',  ( 2.000000000000000000, 31.19999999999999929, 0.5000000000000004441 ) ) ;
#1655 = LINE ( 'NONE', #1648, #796 ) ;
#1656 = ORIENTED_EDGE ( 'NONE', *, *, #877, .F. ) ;
#1657 = EDGE_CURVE ( 'NONE', #947, #342, #995, .T. ) ;
#1658 = ORIENTED_EDGE ( 'NONE', *, *, #1285, .F. ) ;
#1659 = EDGE_CURVE ( 'NONE', #122, #653, #1049, .T. ) ;
#1660 = CARTESIAN_POINT ( 'NONE',  ( 5.250000000000000000, 0.5000000000000004441, 6.000000000000000000 ) ) ;
#1661 = CARTESIAN_POINT ( 'NONE',  ( -1.999999999999997335, 28.10000000000000853, 0.5000000000000004441 ) ) ;
#1662 = VERTEX_POINT ( 'NONE', #70 ) ;
#1663 = ORIENTED_EDGE ( 'NONE', *, *, #956, .T. ) ;
#1664 = CARTESIAN_POINT ( 'NONE',  ( 0.1499999999999995781, 32.70000000000000995, 0.000000000000000000 ) ) ;
#1665 = ORIENTED_EDGE ( 'NONE', *, *, #944, .F. ) ;
#1666 = FACE_OUTER_BOUND ( 'NONE', #1453, .T. ) ;
#1667 = DIRECTION ( 'NONE',  ( 0.000000000000000000, -0.000000000000000000, -1.000000000000000000 ) ) ;
#1668 = VECTOR ( 'NONE', #1331, 1000.000000000000000 ) ;
#1669 = APPROVAL_PERSON_ORGANIZATION ( #865, #463, #64 ) ;
#1670 = VERTEX_POINT ( 'NONE', #1069 ) ;
#1671 = FACE_OUTER_BOUND ( 'NONE', #822, .T. ) ;
#1672 = AXIS2_PLACEMENT_3D ( 'NONE', #256, #704, #1109 ) ;
#1673 = EDGE_LOOP ( 'NONE', ( #631, #730, #479, #864 ) ) ;
#1674 = CARTESIAN_POINT ( 'NONE',  ( 2.000000000000000000, 28.10000000000000853, 1.500000000000000444 ) ) ;
#1675 = EDGE_CURVE ( 'NONE', #1573, #235, #370, .T. ) ;
#1676 = VECTOR ( 'NONE', #1452, 1000.000000000000000 ) ;
#1677 = ORIENTED_EDGE ( 'NONE', *, *, #1410, .F. ) ;
#1678 = FACE_OUTER_BOUND ( 'NONE', #65, .T. ) ;
#1679 = CARTESIAN_POINT ( 'NONE',  ( 1.999999999999998668, 9.000000000000001776, 1.500000000000000444 ) ) ;
#1680 = EDGE_CURVE ( 'NONE', #743, #907, #1335, .T. ) ;
#1681 = EDGE_LOOP ( 'NONE', ( #1090, #889, #667, #1406 ) ) ;
#1682 = DIRECTION ( 'NONE',  ( -1.000000000000000000, 0.000000000000000000, 0.000000000000000000 ) ) ;
#1683 = VERTEX_POINT ( 'NONE', #1468 ) ;
#1684 = LINE ( 'NONE', #1664, #900 ) ;
#1685 = ORIENTED_EDGE ( 'NONE', *, *, #558, .F. ) ;
#1686 = LINE ( 'NONE', #575, #1727 ) ;
#1687 = DIRECTION ( 'NONE',  ( 0.000000000000000000, 0.000000000000000000, -1.000000000000000000 ) ) ;
#1688 = ORIENTED_EDGE ( 'NONE', *, *, #962, .F. ) ;
#1689 = PLANE ( 'NONE',  #1540 ) ;
#1690 = AXIS2_PLACEMENT_3D ( 'NONE', #669, #517, #1545 ) ;
#1691 = EDGE_CURVE ( 'NONE', #993, #947, #500, .T. ) ;
#1692 = ORIENTED_EDGE ( 'NONE', *, *, #444, .T. ) ;
#1693 = APPLICATION_CONTEXT ( 'configuration controlled 3d designs of mechanical parts and assemblies' ) ;
#1694 = LINE ( 'NONE', #28, #17 ) ;
#1695 = EDGE_LOOP ( 'NONE', ( #1538, #660, #979, #1626 ) ) ;
#1696 = CARTESIAN_POINT ( 'NONE',  ( -5.250000000000000000, -7.300000000000000711, 0.000000000000000000 ) ) ;
#1697 = CARTESIAN_POINT ( 'NONE',  ( -3.500000000000000000, 7.500000000000000000, 1.500000000000000444 ) ) ;
#1698 = EDGE_CURVE ( 'NONE', #1408, #708, #1602, .T. ) ;
#1699 = VECTOR ( 'NONE', #390, 1000.000000000000000 ) ;
#1700 = ORIENTED_EDGE ( 'NONE', *, *, #1148, .F. ) ;
#1701 = LINE ( 'NONE', #1179, #1164 ) ;
#1702 = EDGE_CURVE ( 'NONE', #587, #43, #353, .T. ) ;
#1703 = VECTOR ( 'NONE', #820, 1000.000000000000000 ) ;
#1704 = ORIENTED_EDGE ( 'NONE', *, *, #377, .T. ) ;
#1705 = CC_DESIGN_PERSON_AND_ORGANIZATION_ASSIGNMENT ( #358, #222, ( #255 ) ) ;
#1706 = VECTOR ( 'NONE', #1547, 1000.000000000000000 ) ;
#1707 = AXIS2_PLACEMENT_3D ( 'NONE', #1792, #850, #529 ) ;
#1708 = APPROVAL_DATE_TIME ( #1153, #463 ) ;
#1709 = ADVANCED_FACE ( 'NONE', ( #906 ), #1458, .F. ) ;
#1710 = LINE ( 'NONE', #856, #1448 ) ;
#1711 = AXIS2_PLACEMENT_3D ( 'NONE', #1216, #366, #1492 ) ;
#1712 = CARTESIAN_POINT ( 'NONE',  ( 0.5000000000000012212, 9.766689207319434195E-18, 0.000000000000000000 ) ) ;
#1713 = CARTESIAN_POINT ( 'NONE',  ( -3.250000000000000444, 0.5000000000000004441, 0.000000000000000000 ) ) ;
#1714 = ORIENTED_EDGE ( 'NONE', *, *, #1512, .F. ) ;
#1715 = DIRECTION ( 'NONE',  ( 0.7071067811865496822, 0.7071067811865453523, -0.000000000000000000 ) ) ;
#1716 = ORIENTED_EDGE ( 'NONE', *, *, #1386, .F. ) ;
#1717 = APPROVAL_ROLE ( '' ) ;
#1718 = DIRECTION ( 'NONE',  ( -1.000000000000000000, 0.000000000000000000, 0.000000000000000000 ) ) ;
#1719 = EDGE_CURVE ( 'NONE', #1495, #774, #790, .T. ) ;
#1720 = CARTESIAN_POINT ( 'NONE',  ( 1.774999999999989475, 1.774999999999997025, 0.000000000000000000 ) ) ;
#1721 = PLANE ( 'NONE',  #1075 ) ;
#1722 = VERTEX_POINT ( 'NONE', #81 ) ;
#1723 = DIRECTION ( 'NONE',  ( -0.7071067811865474617, 0.7071067811865474617, -0.000000000000000000 ) ) ;
#1724 = VERTEX_POINT ( 'NONE', #1206 ) ;
#1725 = CARTESIAN_POINT ( 'NONE',  ( 5.250000000000000000, -1.699999999999999289, 6.000000000000000000 ) ) ;
#1726 = DIRECTION ( 'NONE',  ( 1.000000000000000000, 0.000000000000000000, 0.000000000000000000 ) ) ;
#1727 = VECTOR ( 'NONE', #1003, 1000.000000000000000 ) ;
#1728 = DIRECTION ( 'NONE',  ( -0.7071067811865461294, -0.7071067811865490160, -0.000000000000000000 ) ) ;
#1729 = CARTESIAN_POINT ( 'NONE',  ( 5.250000000000000000, -7.500000000000000000, 0.000000000000000000 ) ) ;
#1730 = DIRECTION ( 'NONE',  ( -0.000000000000000000, -0.000000000000000000, 1.000000000000000000 ) ) ;
#1731 = CARTESIAN_POINT ( 'NONE',  ( 5.250000000000000000, -7.299999999999997158, 6.000000000000000000 ) ) ;
#1732 = ADVANCED_FACE ( 'NONE', ( #934 ), #915, .F. ) ;
#1733 = EDGE_LOOP ( 'NONE', ( #701, #1704, #1139, #1735 ) ) ;
#1734 = VECTOR ( 'NONE', #1736, 1000.000000000000000 ) ;
#1735 = ORIENTED_EDGE ( 'NONE', *, *, #1551, .F. ) ;
#1736 = DIRECTION ( 'NONE',  ( 1.172002704878329515E-16, -1.000000000000000000, 0.000000000000000000 ) ) ;
#1737 = DIRECTION ( 'NONE',  ( 0.000000000000000000, 0.000000000000000000, 1.000000000000000000 ) ) ;
#1738 = DIRECTION ( 'NONE',  ( -1.000000000000000000, -0.000000000000000000, -0.000000000000000000 ) ) ;
#1739 = ADVANCED_FACE ( 'NONE', ( #1345, #1323 ), #216, .T. ) ;
#1740 = DIRECTION ( 'NONE',  ( -0.000000000000000000, -1.000000000000000000, -0.000000000000000000 ) ) ;
#1741 = DIRECTION ( 'NONE',  ( -0.7071067811865504593, -0.7071067811865445751, -0.000000000000000000 ) ) ;
#1742 = EDGE_CURVE ( 'NONE', #1442, #947, #1187, .T. ) ;
#1743 = EDGE_LOOP ( 'NONE', ( #1340, #786, #1752, #598 ) ) ;
#1744 = ORIENTED_EDGE ( 'NONE', *, *, #1281, .T. ) ;
#1745 = CARTESIAN_POINT ( 'NONE',  ( -0.4999999999999990563, -7.500000000000000000, 6.000000000000000000 ) ) ;
#1746 = CARTESIAN_POINT ( 'NONE',  ( 0.5000000000000012212, -1.949489742783177437, 0.000000000000000000 ) ) ;
#1747 = DIRECTION ( 'NONE',  ( -1.000000000000000000, 0.000000000000000000, 0.000000000000000000 ) ) ;
#1748 = CYLINDRICAL_SURFACE ( 'NONE', #133, 2.499999999999999556 ) ;
#1749 = CARTESIAN_POINT ( 'NONE',  ( 0.000000000000000000, 0.5000000000000004441, 6.000000000000000000 ) ) ;
#1750 = EDGE_LOOP ( 'NONE', ( #180, #272, #1342, #1124 ) ) ;
#1751 = APPROVAL_DATE_TIME ( #244, #571 ) ;
#1752 = ORIENTED_EDGE ( 'NONE', *, *, #1691, .F. ) ;
#1753 = DIRECTION ( 'NONE',  ( -0.000000000000000000, -0.000000000000000000, 1.000000000000000000 ) ) ;
#1754 = VECTOR ( 'NONE', #1121, 1000.000000000000000 ) ;
#1755 = DIRECTION ( 'NONE',  ( -0.000000000000000000, -0.000000000000000000, 1.000000000000000000 ) ) ;
#1756 = CARTESIAN_POINT ( 'NONE',  ( -5.250000000000000000, 2.700000000000001954, 0.000000000000000000 ) ) ;
#1757 = ORIENTED_EDGE ( 'NONE', *, *, #1680, .T. ) ;
#1758 = DIRECTION ( 'NONE',  ( 1.219148684000004408E-16, -1.000000000000000000, 0.000000000000000000 ) ) ;
#1759 = EDGE_CURVE ( 'NONE', #550, #1546, #648, .T. ) ;
#1760 = ORIENTED_EDGE ( 'NONE', *, *, #1675, .T. ) ;
#1761 = ADVANCED_FACE ( 'NONE', ( #1612 ), #1594, .T. ) ;
#1762 = ORIENTED_EDGE ( 'NONE', *, *, #1311, .F. ) ;
#1763 = VECTOR ( 'NONE', #1032, 1000.000000000000000 ) ;
#1764 = LINE ( 'NONE', #246, #1763 ) ;
#1765 = EDGE_CURVE ( 'NONE', #1329, #911, #922, .T. ) ;
#1766 = CARTESIAN_POINT ( 'NONE',  ( 0.000000000000000000, 0.5000000000000004441, 6.000000000000000000 ) ) ;
#1767 = VECTOR ( 'NONE', #657, 1000.000000000000000 ) ;
#1768 = AXIS2_PLACEMENT_3D ( 'NONE', #499, #1601, #914 ) ;
#1769 = FACE_BOUND ( 'NONE', #1786, .T. ) ;
#1770 = LINE ( 'NONE', #73, #1353 ) ;
#1771 = AXIS2_PLACEMENT_3D ( 'NONE', #218, #666, #1485 ) ;
#1772 = ORIENTED_EDGE ( 'NONE', *, *, #1202, .F. ) ;
#1773 = ORIENTED_EDGE ( 'NONE', *, *, #1321, .F. ) ;
#1774 = CARTESIAN_POINT ( 'NONE',  ( 0.4999999999999973910, 32.70000000000000995, 0.5000000000000004441 ) ) ;
#1775 = LINE ( 'NONE', #950, #870 ) ;
#1776 = ADVANCED_FACE ( 'NONE', ( #748 ), #1567, .F. ) ;
#1777 = CARTESIAN_POINT ( 'NONE',  ( 5.250000000000000000, 2.699999999999994404, 0.000000000000000000 ) ) ;
#1778 = CARTESIAN_POINT ( 'NONE',  ( -5.038819441731564375, -1.488819441731559001, 6.000000000000000000 ) ) ;
#1779 = ORIENTED_EDGE ( 'NONE', *, *, #586, .T. ) ;
#1780 = ORIENTED_EDGE ( 'NONE', *, *, #1795, .T. ) ;
#1781 = DIRECTION ( 'NONE',  ( 1.000000000000000000, -0.000000000000000000, -0.000000000000000000 ) ) ;
#1782 = APPROVAL ( #1165, '未指定' ) ;
#1783 = DIRECTION ( 'NONE',  ( -0.000000000000000000, 0.000000000000000000, 1.000000000000000000 ) ) ;
#1784 = DIRECTION ( 'NONE',  ( -0.000000000000000000, -0.000000000000000000, 1.000000000000000000 ) ) ;
#1785 = EDGE_CURVE ( 'NONE', #1634, #166, #173, .T. ) ;
#1786 = EDGE_LOOP ( 'NONE', ( #846, #1744 ) ) ;
#1787 = VERTEX_POINT ( 'NONE', #892 ) ;
#1788 = CARTESIAN_POINT ( 'NONE',  ( -5.050000000000001599, -7.500000000000000000, 0.000000000000000000 ) ) ;
#1789 = CLOSED_SHELL ( 'NONE', ( #526, #1138, #539, #177, #34, #640, #262, #649, #483, #242, #546, #1586, #805, #1761, #722, #1709, #1629, #1500, #105, #1503, #339, #197, #1251, #582, #163, #1152, #1483, #1346, #1605, #496, #474, #548, #1477, #1249, #1390, #1739, #1116, #1425, #213, #866, #302, #733, #881, #718, #1555, #1304, #530, #1776, #1732, #1212, #964, #1061 ) ) ;
#1790 = DIRECTION ( 'NONE',  ( 1.000000000000000000, 8.673617379884035472E-16, 0.000000000000000000 ) ) ;
#1791 = VECTOR ( 'NONE', #1333, 1000.000000000000000 ) ;
#1792 = CARTESIAN_POINT ( 'NONE',  ( -5.250000000000000000, 0.5000000000000004441, 0.000000000000000000 ) ) ;
#1793 = EDGE_CURVE ( 'NONE', #703, #1573, #902, .T. ) ;
#1794 = ORIENTED_EDGE ( 'NONE', *, *, #688, .T. ) ;
#1795 = EDGE_CURVE ( 'NONE', #1722, #1006, #623, .T. ) ;
#1796 = VECTOR ( 'NONE', #773, 1000.000000000000000 ) ;
#1797 = ORIENTED_EDGE ( 'NONE', *, *, #503, .T. ) ;
#1798 = DIRECTION ( 'NONE',  ( -1.000000000000000000, 0.000000000000000000, -0.000000000000000000 ) ) ;
#1799 = CARTESIAN_POINT ( 'NONE',  ( 5.250000000000000000, -4.500000000000000000, 3.000000000000000000 ) ) ;
#1800 = CARTESIAN_POINT ( 'NONE',  ( -5.250000000000000000, -7.500000000000000000, 6.000000000000000000 ) ) ;
#1801 = VERTEX_POINT ( 'NONE', #1318 ) ;
#1802 = ORIENTED_EDGE ( 'NONE', *, *, #1233, .T. ) ;
#1803 = FACE_OUTER_BOUND ( 'NONE', #304, .T. ) ;
#1804 = ORIENTED_EDGE ( 'NONE', *, *, #780, .F. ) ;
#1805 = DIRECTION ( 'NONE',  ( 0.000000000000000000, -0.000000000000000000, 1.000000000000000000 ) ) ;
ENDSEC;
END-ISO-10303-21;
